Country Name,Country Code,Indicator Name,Indicator Code,1960,1961,1962,1963,1964,1965,1966,1967,1968,1969,1970,1971,1972,1973,1974,1975,1976,1977,1978,1979,1980,1981,1982,1983,1984,1985,1986,1987,1988,1989,1990,1991,1992,1993,1994,1995,1996,1997,1998,1999,2000,2001,2002,2003,2004,2005,2006,2007,2008,2009,2010,2011,2012,2013,2014,2015,2016,2017,2018,2019,2020,2021,2022,2023,2024,2025
Aruba,ABW,Access to electricity (% of population),EG.ELC.ACCS.ZS,,,,,,,,,,,,,,,,,,,,,,,,,,,,,,,100.0,99.1536560058594,99.1971282958984,99.2399139404297,100.0,100.0,100.0,100.0,100.0,100.0,91.7,100.0,100.0,100.0,100.0,100.0,100.0,100.0,100.0,100.0,93.4,100.0,100.0,100.0,100.0,100.0,100.0,100.0,100.0,100.0,100.0,100.0,99.9,100.0,,
Afghanistan,AFG,Access to electricity (% of population),EG.ELC.ACCS.ZS,,,,,,,,,,,,,,,,,,,,,,,,,,,,,,,,,,,,,,,,,4.4,9.3,14.1,19.0,23.8,28.7,33.5,38.4,42.4,48.3,42.7,43.2,69.1,68.0,89.5,71.5,97.7,97.7,93.4,97.7,97.7,97.7,85.3,85.3,,
Angola,AGO,Access to electricity (% of population),EG.ELC.ACCS.ZS,,,,,,,,,,,,,,,,,,,,,,,,,,,,,,,,,,,,,,,,,24.2,20.0,26.3,27.4,28.4,29.4,30.5,37.5,38.5,33.8,35.0,34.6,37.3,38.4,32.0,42.0,41.8,42.9,45.3,45.6,47.0,48.2,48.5,51.1,,
Albania,ALB,Access to electricity (% of population),EG.ELC.ACCS.ZS,,,,,,,,,,,,,,,,,,,,,,,,,,,,,,,100.0,100.0,100.0,100.0,100.0,100.0,100.0,100.0,100.0,100.0,99.4,99.4,99.4,99.4,99.4,99.4,99.4,99.4,100.0,99.6,99.6,99.7,99.9,99.9,100.0,100.0,99.9,99.9,100.0,100.0,100.0,100.0,100.0,100.0,,
Andorra,AND,Access to electricity (% of population),EG.ELC.ACCS.ZS,,,,,,,,,,,,,,,,,,,,,,,,,,,,,,,100.0,100.0,100.0,100.0,100.0,100.0,100.0,100.0,100.0,100.0,100.0,100.0,100.0,100.0,100.0,100.0,100.0,100.0,100.0,100.0,100.0,100.0,100.0,100.0,100.0,100.0,100.0,100.0,100.0,100.0,100.0,100.0,100.0,100.0,,
United Arab Emirates,ARE,Access to electricity (% of population),EG.ELC.ACCS.ZS,,,,,,,,,,,,,,,,,,,,,,,,,,,,,,,100.0,100.0,100.0,100.0,100.0,100.0,100.0,100.0,100.0,100.0,100.0,100.0,100.0,100.0,100.0,100.0,100.0,100.0,100.0,100.0,100.0,100.0,100.0,100.0,100.0,100.0,100.0,100.0,100.0,100.0,100.0,100.0,100.0,100.0,,
Argentina,ARG,Access to electricity (% of population),EG.ELC.ACCS.ZS,,,,,,,,,,,,,,,,,,,,,,,,,,,,,,,92.1548004150391,92.4921875,92.8294525146484,93.1660461425781,93.5012741088867,93.8344650268555,94.1649398803711,94.4920120239258,94.8150024414063,95.1331558227539,95.7,95.5,96.1,96.3,96.5,96.7,97.0,97.2,97.5,97.8,98.8,99.0,99.1,99.3,100.0,99.7,99.9,100.0,100.0,100.0,100.0,100.0,100.0,100.0,,
Armenia,ARM,Access to electricity (% of population),EG.ELC.ACCS.ZS,,,,,,,,,,,,,,,,,,,,,,,,,,,,,,,,,,,,,,,,,98.9,100.0,98.0,99.1,99.1,99.8,99.1,99.2,99.2,99.3,99.8,99.5,99.5,99.4,99.7,100.0,99.8,99.7,99.9,100.0,100.0,100.0,100.0,100.0,,
American Samoa,ASM,Access to electricity (% of population),EG.ELC.ACCS.ZS,,,,,,,,,,,,,,,,,,,,,,,,,,,,,,,,,,,,,,,,,,,,,,,,,,,,,,,,,,,,,,,,,,
Antigua and Barbuda,ATG,Access to electricity (% of population),EG.ELC.ACCS.ZS,,,,,,,,,,,,,,,,,,,,,,,,,,,,,,,95.7630462646484,95.9406509399414,96.1181335449219,96.2949447631836,96.4703903198242,96.643798828125,96.8144836425781,96.9817733764648,97.1449813842773,97.303352355957,97.7,97.7,100.0,97.9,97.9,92.2,100.0,100.0,100.0,98.5,98.7,94.6,100.0,100.0,100.0,100.0,100.0,100.0,100.0,100.0,100.0,100.0,100.0,100.0,,
Australia,AUS,Access to electricity (% of population),EG.ELC.ACCS.ZS,,,,,,,,,,,,,,,,,,,,,,,,,,,,,,,100.0,100.0,100.0,100.0,100.0,100.0,100.0,100.0,100.0,100.0,100.0,100.0,100.0,100.0,100.0,100.0,100.0,100.0,100.0,100.0,100.0,100.0,100.0,100.0,100.0,100.0,100.0,100.0,100.0,100.0,100.0,100.0,100.0,100.0,,
Austria,AUT,Access to electricity (% of population),EG.ELC.ACCS.ZS,,,,,,,,,,,,,,,,,,,,,,,,,,,,,,,100.0,100.0,100.0,100.0,100.0,100.0,100.0,100.0,100.0,100.0,100.0,100.0,100.0,100.0,100.0,100.0,100.0,100.0,100.0,100.0,100.0,100.0,100.0,100.0,100.0,100.0,100.0,100.0,100.0,100.0,100.0,100.0,100.0,100.0,,
Azerbaijan,AZE,Access to electricity (% of population),EG.ELC.ACCS.ZS,,,,,,,,,,,,,,,,,,,,,,,,,,,,,,,,,,,,,,,,97.0,98.9,98.6,100.0,98.8,99.0,99.1,99.5,99.5,99.7,99.9,99.9,99.9,100.0,100.0,100.0,100.0,100.0,100.0,100.0,100.0,100.0,100.0,100.0,100.0,,
Burundi,BDI,Access to electricity (% of population),EG.ELC.ACCS.ZS,,,,,,,,,,,,,,,,,,,,,,,,,,,,,,,,,,,,,,,3.9,2.07094931602478,2.5,2.8,3.1,3.4,3.7,3.2,2.7,4.7,4.8,5.4,5.3,6.2,6.5,6.9,7.0,7.9,8.5,9.3,9.5,9.8,9.1,10.2,10.3,11.6,,
Belgium,BEL,Access to electricity (% of population),EG.ELC.ACCS.ZS,,,,,,,,,,,,,,,,,,,,,,,,,,,,,,,100.0,100.0,100.0,100.0,100.0,100.0,100.0,100.0,100.0,100.0,100.0,100.0,100.0,100.0,100.0,100.0,100.0,100.0,100.0,100.0,100.0,100.0,100.0,100.0,100.0,100.0,100.0,100.0,100.0,100.0,100.0,100.0,100.0,100.0,,
Benin,BEN,Access to electricity (% of population),EG.ELC.ACCS.ZS,,,,,,,,,,,,,,,,,,,,,,,,,,,,,,,,,,,,,14.5,18.5896263122559,19.578254699707,20.5620422363281,21.5,21.9,23.4,24.3,25.2,26.1,27.9,28.0,29.0,30.0,34.2,36.9,38.4,34.7,34.1,29.6,37.0,34.5,39.0,40.0,41.0,42.0,56.5,57.0,,
Burkina Faso,BFA,Access to electricity (% of population),EG.ELC.ACCS.ZS,,,,,,,,,,,,,,,,,,,,,,,,,,,,,,,,,,6.1,6.12501001358032,6.62533283233643,7.1229362487793,7.61713981628418,8.10726451873779,6.9,9.1,9.5,9.9,11.4,10.7,11.1,11.6,12.0,12.5,12.6,13.1,14.8,15.1,15.4,19.2,16.2,16.6,17.0,14.4,17.6,18.5,19.0,19.5,21.7,,
Bangladesh,BGD,Access to electricity (% of population),EG.ELC.ACCS.ZS,,,,,,,,,,,,,,,,,,,,,,,,,,,,,,,,14.29,9.90541934967041,12.7178802490234,17.8,18.3380451202393,21.1443862915039,22.4,26.7461929321289,29.5402145385742,32.0,35.0,37.8,40.5,40.6,44.2,50.5,46.5,54.3,57.1,55.3,59.6,65.5,61.5,62.4,74.0,75.9,88.0,86.9,92.2,96.2,99.0,99.4,99.5,,
Bulgaria,BGR,Access to electricity (% of population),EG.ELC.ACCS.ZS,,,,,,,,,,,,,,,,,,,,,,,,,,,,,,,100.0,100.0,100.0,100.0,100.0,100.0,100.0,100.0,100.0,100.0,88.1,88.6,89.1,89.6,90.1,90.6,91.2,91.7,92.3,92.9,93.5,94.1,94.7,95.3,95.9,96.6,97.3,98.1,98.7,99.2,99.7,99.8,100.0,100.0,,
Bahrain,BHR,Access to electricity (% of population),EG.ELC.ACCS.ZS,,,,,,,,,,,,,,,,,,,,,,,,,,,,,,,99.9413986206055,99.9673919677734,99.9871826171875,99.9971389770508,99.9997711181641,100.0,100.0,100.0,100.0,100.0,100.0,100.0,100.0,100.0,100.0,100.0,100.0,100.0,100.0,100.0,100.0,100.0,100.0,100.0,100.0,100.0,100.0,100.0,100.0,100.0,100.0,100.0,100.0,100.0,,
"Bahamas, The",BHS,Access to electricity (% of population),EG.ELC.ACCS.ZS,,,,,,,,,,,,,,,,,,,,,,,,,,,,,,,100.0,100.0,100.0,100.0,100.0,100.0,100.0,100.0,100.0,100.0,100.0,100.0,100.0,100.0,100.0,100.0,100.0,100.0,100.0,100.0,100.0,100.0,100.0,100.0,100.0,100.0,100.0,100.0,100.0,100.0,100.0,100.0,100.0,100.0,,
Bosnia and Herzegovina,BIH,Access to electricity (% of population),EG.ELC.ACCS.ZS,,,,,,,,,,,,,,,,,,,,,,,,,,,,,,,100.0,100.0,100.0,100.0,100.0,100.0,100.0,100.0,100.0,100.0,99.0,99.4,98.5,99.0,99.1,99.1,99.4,99.7,99.3,99.4,99.5,99.7,99.7,99.5,99.9,99.7,100.0,100.0,100.0,100.0,100.0,100.0,100.0,100.0,,
Belarus,BLR,Access to electricity (% of population),EG.ELC.ACCS.ZS,,,,,,,,,,,,,,,,,,,,,,,,,,,,,,,100.0,100.0,100.0,100.0,100.0,100.0,100.0,100.0,100.0,100.0,89.0,89.5,90.0,90.5,91.0,91.5,92.1,92.6,93.2,93.8,94.4,95.0,95.6,96.2,96.8,97.4,98.0,98.7,99.3,100.0,100.0,100.0,100.0,100.0,,
Belize,BLZ,Access to electricity (% of population),EG.ELC.ACCS.ZS,,,,,,,,,,,,,,,,,,,,,,,,,,,,,,,,67.0,72.2249145507813,73.1233291625977,74.0203857421875,74.915397644043,75.8076934814453,76.6965866088867,77.5814056396484,78.4613800048828,79.0,80.2,81.0,81.8,82.6,83.5,91.0,85.2,86.1,86.9,89.9,91.7,90.9,91.1,91.5,91.8,93.3,94.2,91.7,92.7,96.8,97.7,98.6,99.6,,
Bermuda,BMU,Access to electricity (% of population),EG.ELC.ACCS.ZS,,,,,,,,,,,,,,,,,,,,,,,,,,,,,,,100.0,100.0,100.0,100.0,100.0,100.0,100.0,100.0,100.0,100.0,100.0,100.0,100.0,100.0,100.0,100.0,100.0,100.0,100.0,100.0,100.0,100.0,100.0,100.0,100.0,100.0,100.0,100.0,100.0,100.0,100.0,100.0,100.0,100.0,,
Bolivia,BOL,Access to electricity (% of population),EG.ELC.ACCS.ZS,,,,,,,,,,,,,,,,,,,,,,,,,,,,,,,,,60.0279006958008,61.3840293884277,64.1,64.0915298461914,71.0,67.330431,71.2,70.929888,70.0,69.3,64.0,72.3,75.9,68.3,76.2,80.2,84.7,86.8,88.0,88.3,90.4,89.5,90.0,91.5,91.8,91.8,92.8,95.1,97.2,98.6,99.9,99.8,,
Brazil,BRA,Access to electricity (% of population),EG.ELC.ACCS.ZS,,,,,,,,,,,,,,,,,,,,,,,,,,,,,,,87.475116,90.6065444946289,88.803833,89.999927,91.8837280273438,91.728598,92.867095,93.354139,94.193812,94.76296,94.4,96.0,96.7,97.0,96.8,97.1,97.6,98.1,98.5,98.9,98.6,99.3,99.5,99.6,99.7,99.7,99.7,99.8,99.7,99.8,99.7,99.5,100.0,99.8,,
Barbados,BRB,Access to electricity (% of population),EG.ELC.ACCS.ZS,,,,,,,,,,,,,,,,,,,,,,,,,,,,,,,99.9842529296875,99.9934387207031,99.9986877441406,100.0,100.0,100.0,100.0,100.0,100.0,100.0,100.0,100.0,100.0,100.0,99.9,99.9,100.0,100.0,100.0,100.0,100.0,100.0,100.0,100.0,100.0,100.0,100.0,100.0,100.0,100.0,100.0,100.0,100.0,100.0,,
Brunei Darussalam,BRN,Access to electricity (% of population),EG.ELC.ACCS.ZS,,,,,,,,,,,,,,,,,,,,,,,,,,,,,,,100.0,100.0,100.0,100.0,100.0,100.0,100.0,100.0,100.0,100.0,100.0,100.0,100.0,100.0,100.0,100.0,100.0,100.0,100.0,100.0,100.0,100.0,100.0,100.0,100.0,100.0,100.0,100.0,100.0,100.0,100.0,100.0,100.0,100.0,,
Bhutan,BTN,Access to electricity (% of population),EG.ELC.ACCS.ZS,,,,,,,,,,,,,,,,,,,,,,,,,,,,,,,,,,,,,,,,,31.2,40.2,44.1,41.1,51.9,59.8,59.7,71.8,67.6,71.5,73.3,81.8,91.5,87.4,91.4,95.4,99.3,97.7,100.0,100.0,100.0,100.0,100.0,100.0,,
Botswana,BWA,Access to electricity (% of population),EG.ELC.ACCS.ZS,,,,,,,,,,,,,,,,,,,,,,,,,,,,,,,,10.1,9.39822673797607,11.6420764923096,13.8845663070679,16.1250171661377,18.3627471923828,20.5970783233643,22.8273296356201,25.0527400970459,26.5,24.8,27.0,33.1,35.3,37.5,39.7,41.9,44.5,43.4,52.0,53.2,56.0,58.0,60.0,62.1,64.2,67.4,68.3,70.1,71.8,73.7,75.9,76.0,,
Central African Republic,CAF,Access to electricity (% of population),EG.ELC.ACCS.ZS,,,,,,,,,,,,,,,,,,,,,,,,,,,,,,,,,,,,3.0,3.33491563796997,3.83021020889282,4.32142543792725,4.80779838562012,6.0,5.7,6.1,6.6,7.0,7.4,7.8,8.4,7.5,9.4,9.8,10.4,11.0,11.5,12.0,12.7,13.4,14.1,14.6,14.3,15.4,15.7,15.7,17.6,,
Canada,CAN,Access to electricity (% of population),EG.ELC.ACCS.ZS,,,,,,,,,,,,,,,,,,,,,,,,,,,,,,,100.0,100.0,100.0,100.0,100.0,100.0,100.0,100.0,100.0,100.0,100.0,100.0,100.0,100.0,100.0,100.0,100.0,100.0,100.0,100.0,100.0,100.0,100.0,100.0,100.0,100.0,100.0,100.0,100.0,100.0,100.0,100.0,100.0,100.0,,
Switzerland,CHE,Access to electricity (% of population),EG.ELC.ACCS.ZS,,,,,,,,,,,,,,,,,,,,,,,,,,,,,,,100.0,100.0,100.0,100.0,100.0,100.0,100.0,100.0,100.0,100.0,100.0,100.0,100.0,100.0,100.0,100.0,100.0,100.0,100.0,100.0,100.0,100.0,100.0,100.0,100.0,100.0,100.0,100.0,100.0,100.0,100.0,100.0,100.0,100.0,,
Channel Islands,CHI,Access to electricity (% of population),EG.ELC.ACCS.ZS,,,,,,,,,,,,,,,,,,,,,,,,,,,,,,,100.0,100.0,100.0,100.0,100.0,100.0,100.0,100.0,100.0,100.0,100.0,100.0,100.0,100.0,100.0,100.0,100.0,100.0,100.0,100.0,100.0,100.0,100.0,100.0,100.0,100.0,100.0,100.0,100.0,100.0,100.0,100.0,100.0,100.0,,
Chile,CHL,Access to electricity (% of population),EG.ELC.ACCS.ZS,,,,,,,,,,,,,,,,,,,,,,,,,,,,,,,92.257427,94.781623840332,94.560057,95.2737274169922,95.5180740356445,95.760383605957,95.617315,96.2361679077148,97.241124,96.6955490112305,97.9,97.1,97.3,98.8,97.5,97.7,99.4,98.0,98.2,99.6,99.5,99.6,100.0,99.6,100.0,99.7,100.0,99.7,100.0,100.0,100.0,100.0,100.0,100.0,,
China,CHN,Access to electricity (% of population),EG.ELC.ACCS.ZS,,,,,,,,,,,,,,,,,,,,,,,,,,,,,,,,,,,,,,,,,96.7,97.0,97.2,97.4,97.7,97.9,98.2,98.5,98.8,99.1,99.7,99.9,99.9,100.0,100.0,100.0,100.0,100.0,100.0,100.0,100.0,100.0,100.0,100.0,,
Cote d'Ivoire,CIV,Access to electricity (% of population),EG.ELC.ACCS.ZS,,,,,,,,,,,,,,,,,,,,,,,,,,,,,,,,,,,36.5,43.6312522888184,44.6482124328613,45.6617698669434,46.6712455749512,48.2,48.7,49.7,51.4,51.5,52.4,58.9,60.2,55.3,60.3,57.3,58.4,55.8,55.8,61.5,61.9,62.6,64.3,65.6,67.1,68.6,69.9,71.1,72.0,72.4,,
Cameroon,CMR,Access to electricity (% of population),EG.ELC.ACCS.ZS,,,,,,,,,,,,,,,,,,,,,,,,,,,,,,,,29.0,32.6975250244141,33.849193572998,34.9995040893555,36.1477737426758,37.2933235168457,38.435474395752,40.7,40.7067756652832,41.0,46.2,44.0,45.1,47.1,47.2,49.0,48.2,50.6,51.7,52.8,53.7,55.2,56.3,56.8,58.6,59.8,60.9,62.2,63.2,64.3,65.4,71.0,72.0,,
"Congo, Dem. Rep.",COD,Access to electricity (% of population),EG.ELC.ACCS.ZS,,,,,,,,,,,,,,,,,,,,,,,,,,,,,,,,,,,,,,,,,6.7,7.1,7.7,8.3,9.0,6.0,10.2,15.2,11.6,12.3,13.0,13.7,15.4,15.2,13.5,16.6,17.3,18.0,18.7,19.1,20.1,20.8,21.5,22.1,,
"Congo, Rep.",COG,Access to electricity (% of population),EG.ELC.ACCS.ZS,,,,,,,,,,,,,,,,,,,,,,,,,,,,,,,,,,,,,,,,,29.4,30.3,31.2,32.1,33.0,33.8,34.9,35.8,36.8,37.1,40.0,40.8,41.6,42.5,43.4,44.3,45.3,46.2,47.0,47.7,48.7,49.7,50.6,51.3,,
Colombia,COL,Access to electricity (% of population),EG.ELC.ACCS.ZS,,,,,,,,,,,,,,,,,,,,,,,,,,,,,,,89.9,91.8366546630859,92.1326599121094,92.4279937744141,92.7219619750977,91.2,93.3031005859375,93.5889129638672,93.8706436157227,94.1475296020508,95.2,98.5,94.9,95.1,95.3,96.8,95.7,96.0,96.8,96.1,96.8,96.7,97.0,97.8,97.8,98.2,98.4,98.5,98.5,99.4,99.7,100.0,100.0,98.7,,
Comoros,COM,Access to electricity (% of population),EG.ELC.ACCS.ZS,,,,,,,,,,,,,,,,,,,,,,,,,,,,,,,,,,,,,28.9,32.7624130249023,35.0945281982422,37.421802520752,39.8,42.0,44.8,46.5,48.7,51.0,53.2,55.5,57.8,60.1,69.7,69.3,69.3,69.4,71.8,74.1,76.4,78.7,81.0,83.3,85.6,87.9,89.9,89.8,,
Cabo Verde,CPV,Access to electricity (% of population),EG.ELC.ACCS.ZS,,,,,,,,,,,,,,,,,,,,,,,,,,,,,,,,,,,,,,,,,58.6,60.3,58.6,63.7,65.4,67.0,68.8,70.5,72.3,74.1,81.1,82.3,83.2,84.3,85.3,86.4,87.5,88.6,90.2,91.4,93.7,95.5,97.1,98.6,,
Costa Rica,CRI,Access to electricity (% of population),EG.ELC.ACCS.ZS,,,,,,,,,,,,,,,,,,,,,,,,,,,,,,,,,,,,,,,,,96.9,98.2,98.5,98.7,99.0,99.1,99.1,99.2,99.3,99.4,99.0,99.2,99.5,99.6,99.4,99.4,99.5,99.6,99.7,99.7,99.9,100.0,100.0,100.0,,
Cuba,CUB,Access to electricity (% of population),EG.ELC.ACCS.ZS,,,,,,,,,,,,,,,,,,,,,,,,,,,,,,,,,,,,,,,,,97.0,96.2,95.5,96.5,96.6,96.8,96.9,97.1,97.3,97.6,97.8,98.0,98.3,98.5,98.7,99.0,99.2,99.4,99.6,99.8,99.9,100.0,100.0,100.0,,
Curacao,CUW,Access to electricity (% of population),EG.ELC.ACCS.ZS,,,,,,,,,,,,,,,,,,,,,,,,,,,,,,,100.0,100.0,100.0,100.0,100.0,100.0,100.0,100.0,100.0,100.0,100.0,99.9,99.9,99.8,99.8,99.7,99.7,99.7,99.7,99.7,100.0,100.0,100.0,100.0,100.0,100.0,100.0,100.0,100.0,100.0,100.0,100.0,100.0,100.0,,
Cayman Islands,CYM,Access to electricity (% of population),EG.ELC.ACCS.ZS,,,,,,,,,,,,,,,,,,,,,,,,,,,,,,,99.846923828125,99.8788146972656,99.9102401733398,100.0,100.0,100.0,100.0,100.0,100.0,100.0,100.0,100.0,100.0,100.0,100.0,100.0,100.0,100.0,100.0,100.0,100.0,100.0,100.0,100.0,100.0,100.0,100.0,100.0,100.0,100.0,100.0,100.0,100.0,100.0,,
Cyprus,CYP,Access to electricity (% of population),EG.ELC.ACCS.ZS,,,,,,,,,,,,,,,,,,,,,,,,,,,,,,,100.0,100.0,100.0,100.0,100.0,100.0,100.0,100.0,100.0,100.0,100.0,100.0,100.0,100.0,100.0,100.0,100.0,100.0,100.0,100.0,100.0,100.0,100.0,100.0,100.0,100.0,100.0,100.0,100.0,100.0,100.0,100.0,100.0,100.0,,
Czechia,CZE,Access to electricity (% of population),EG.ELC.ACCS.ZS,,,,,,,,,,,,,,,,,,,,,,,,,,,,,,,100.0,100.0,100.0,100.0,100.0,100.0,100.0,100.0,100.0,100.0,100.0,100.0,100.0,100.0,100.0,100.0,100.0,100.0,100.0,100.0,100.0,100.0,100.0,100.0,100.0,100.0,100.0,100.0,100.0,100.0,100.0,100.0,100.0,100.0,,
Germany,DEU,Access to electricity (% of population),EG.ELC.ACCS.ZS,,,,,,,,,,,,,,,,,,,,,,,,,,,,,,,100.0,100.0,100.0,100.0,100.0,100.0,100.0,100.0,100.0,100.0,100.0,100.0,100.0,100.0,100.0,100.0,100.0,100.0,100.0,100.0,100.0,100.0,100.0,100.0,100.0,100.0,100.0,100.0,100.0,100.0,100.0,100.0,100.0,100.0,,
Djibouti,DJI,Access to electricity (% of population),EG.ELC.ACCS.ZS,,,,,,,,,,,,,,,,,,,,,,,,,,,,,,,,,,,,,62.0,56.2944946289063,56.3222541809082,56.3451690673828,56.0,56.1,49.7,56.4,56.6,56.8,55.5,57.2,57.4,57.6,57.9,58.1,54.6,58.6,58.9,59.1,59.8,60.2,62.4,64.7,64.5,65.4,65.0,65.2,,
Dominica,DMA,Access to electricity (% of population),EG.ELC.ACCS.ZS,,,,,,,,,,,,,,,,,,,,,,,,,,,,,,,,,,,,,,,75.0,79.6219177246094,81.1,82.1,87.7,84.0,85.0,86.0,87.0,88.1,90.9,90.2,91.3,90.1,93.5,94.6,95.7,96.7,97.8,98.9,99.6,99.9,100.0,100.0,100.0,100.0,,
Denmark,DNK,Access to electricity (% of population),EG.ELC.ACCS.ZS,,,,,,,,,,,,,,,,,,,,,,,,,,,,,,,100.0,100.0,100.0,100.0,100.0,100.0,100.0,100.0,100.0,100.0,100.0,100.0,100.0,100.0,100.0,100.0,100.0,100.0,100.0,100.0,100.0,100.0,100.0,100.0,100.0,100.0,100.0,100.0,100.0,100.0,100.0,100.0,100.0,100.0,,
Dominican Republic,DOM,Access to electricity (% of population),EG.ELC.ACCS.ZS,,,,,,,,,,,,,,,,,,,,,,,,,,,,,,,,78.2,82.4854049682617,83.2554931640625,84.0242233276367,84.7909088134766,85.5548782348633,86.3154449462891,87.0719375610352,91.0,88.8,89.8,89.7,89.2,90.3,90.1,90.1,96.9,97.6,97.9,98.1,97.9,97.9,98.4,98.5,98.6,98.9,100.0,98.9,99.0,100.0,98.1,98.1,99.6,,
Algeria,DZA,Access to electricity (% of population),EG.ELC.ACCS.ZS,,,,,,,,,,,,,,,,,,,,,,,,,,,,,,,,,,,,,,,,,98.6,98.6,98.6,98.6,98.6,98.6,98.7,98.7,99.3,98.8,98.9,99.0,98.8,99.2,99.3,99.4,99.4,99.5,99.6,99.5,99.7,99.8,100.0,100.0,,
Ecuador,ECU,Access to electricity (% of population),EG.ELC.ACCS.ZS,,,,,,,,,,,,,,,,,,,,,,,,,,,,,,,,,,,,89.830167,92.0513763427734,92.429817199707,92.726642,93.071434,93.7,94.0,94.2,95.0,94.8,95.8,96.3,96.8,97.2,96.5,97.5,96.9,97.2,98.0,99.0,98.8,98.7,99.2,98.7,99.1,98.9,100.0,100.0,98.7,,
"Egypt, Arab Rep.",EGY,Access to electricity (% of population),EG.ELC.ACCS.ZS,,,,,,,,,,,,,,,,,,,,,,,,,,,,,,,,,93.4,95.3922424316406,95.6485366821289,95.5,96.1543273925781,96.4024658203125,96.6465225219727,96.8857345581055,97.7,97.4,97.5,98.8,97.8,99.4,99.0,98.4,99.8,98.9,99.4,99.4,99.7,99.9,99.8,99.3,100.0,100.0,100.0,100.0,100.0,100.0,100.0,100.0,,
Eritrea,ERI,Access to electricity (% of population),EG.ELC.ACCS.ZS,,,,,,,,,,,,,,,,,,,,,,,,,,,,,,,,,,,,22.9,24.7554473876953,25.8746109008789,26.9896945953369,28.0999355316162,29.3,30.3,32.2,32.4,33.4,34.5,35.6,36.7,37.8,38.9,40.1,41.2,42.3,43.5,44.6,45.8,46.9,48.0,49.1,50.3,51.4,52.5,53.4,54.4,,
Spain,ESP,Access to electricity (% of population),EG.ELC.ACCS.ZS,,,,,,,,,,,,,,,,,,,,,,,,,,,,,,,100.0,100.0,100.0,100.0,100.0,100.0,100.0,100.0,100.0,100.0,100.0,100.0,100.0,100.0,100.0,100.0,100.0,100.0,100.0,100.0,100.0,100.0,100.0,100.0,100.0,100.0,100.0,100.0,100.0,100.0,100.0,100.0,100.0,100.0,,
Estonia,EST,Access to electricity (% of population),EG.ELC.ACCS.ZS,,,,,,,,,,,,,,,,,,,,,,,,,,,,,,,100.0,100.0,100.0,100.0,100.0,100.0,100.0,100.0,100.0,100.0,100.0,100.0,100.0,100.0,100.0,100.0,100.0,100.0,100.0,100.0,100.0,100.0,100.0,100.0,100.0,100.0,100.0,100.0,100.0,100.0,100.0,100.0,100.0,100.0,,
Ethiopia,ETH,Access to electricity (% of population),EG.ELC.ACCS.ZS,,,,,,,,,,,,,,,,,,,,,,,,,,,,,,,,,,,,,,,,,12.7,10.2,11.9,13.5,15.2,14.0,18.6,20.3,22.0,23.7,25.5,23.0,29.0,30.8,27.2,29.0,42.9,44.3,44.8,48.0,51.1,54.2,55.4,55.4,,
Finland,FIN,Access to electricity (% of population),EG.ELC.ACCS.ZS,,,,,,,,,,,,,,,,,,,,,,,,,,,,,,,100.0,100.0,100.0,100.0,100.0,100.0,100.0,100.0,100.0,100.0,100.0,100.0,100.0,100.0,100.0,100.0,100.0,100.0,100.0,100.0,100.0,100.0,100.0,100.0,100.0,100.0,100.0,100.0,100.0,100.0,100.0,100.0,100.0,100.0,,
Fiji,FJI,Access to electricity (% of population),EG.ELC.ACCS.ZS,,,,,,,,,,,,,,,,,,,,,,,,,,,,,,,,,,,,,66.9,71.7715148925781,73.0895843505859,74.4028167724609,76.8,77.7,79.6,80.0,80.6,81.6,82.6,88.9,86.2,85.6,92.4,92.5,92.6,91.8,93.0,93.2,93.4,96.0,95.1,96.1,97.1,92.1,92.0,99.3,,
France,FRA,Access to electricity (% of population),EG.ELC.ACCS.ZS,,,,,,,,,,,,,,,,,,,,,,,,,,,,,,,100.0,100.0,100.0,100.0,100.0,100.0,100.0,100.0,100.0,100.0,100.0,100.0,100.0,100.0,100.0,100.0,100.0,100.0,100.0,100.0,100.0,100.0,100.0,100.0,100.0,100.0,100.0,100.0,100.0,100.0,100.0,100.0,100.0,100.0,,
Faroe Islands,FRO,Access to electricity (% of population),EG.ELC.ACCS.ZS,,,,,,,,,,,,,,,,,,,,,,,,,,,,,,,100.0,100.0,100.0,100.0,100.0,100.0,100.0,100.0,100.0,100.0,100.0,100.0,100.0,100.0,100.0,100.0,100.0,100.0,100.0,100.0,100.0,100.0,100.0,100.0,100.0,100.0,100.0,100.0,100.0,100.0,100.0,100.0,100.0,100.0,,
"Micronesia, Fed. Sts.",FSM,Access to electricity (% of population),EG.ELC.ACCS.ZS,,,,,,,,,,,,,,,,,,,,,,,,,,,,,,,,,,,,,,,,,46.0,48.4,50.1,51.8,53.5,55.2,57.0,58.7,60.5,62.2,64.5,66.3,67.8,69.4,71.2,73.0,74.8,76.5,78.3,80.1,81.9,83.6,85.3,86.9,,
Gabon,GAB,Access to electricity (% of population),EG.ELC.ACCS.ZS,,,,,,,,,,,,,,,,,,,,,,,,,,,,,,,,,,,,,,,,,73.6,77.2,77.8,78.5,79.2,81.6,80.5,81.3,82.0,82.7,89.3,88.7,89.3,86.4,87.1,87.3,88.1,86.3,89.6,90.3,91.1,91.8,93.5,94.1,,
United Kingdom,GBR,Access to electricity (% of population),EG.ELC.ACCS.ZS,,,,,,,,,,,,,,,,,,,,,,,,,,,,,,,100.0,100.0,100.0,100.0,100.0,100.0,100.0,100.0,100.0,100.0,100.0,100.0,100.0,100.0,100.0,100.0,100.0,100.0,100.0,100.0,100.0,100.0,100.0,100.0,100.0,100.0,100.0,100.0,100.0,100.0,100.0,100.0,100.0,100.0,,
Georgia,GEO,Access to electricity (% of population),EG.ELC.ACCS.ZS,,,,,,,,,,,,,,,,,,,,,,,,,,,,,,,,,,,,,,,,,99.8,99.8,99.9,100.0,99.9,97.9,100.0,100.0,100.0,100.0,100.0,100.0,100.0,100.0,100.0,100.0,100.0,100.0,99.9,100.0,100.0,100.0,100.0,100.0,,
Ghana,GHA,Access to electricity (% of population),EG.ELC.ACCS.ZS,,,,,,,,,,,,,,,,,,,,,,,,,,,,,,,,,,30.6,30.36940574646,32.4504508972168,34.5287704467773,36.6036949157715,42.6,40.7405395507813,43.7,44.8,46.8,48.3,50.8,41.3,55.1,56.9,60.5,61.1,64.2,64.1,56.5,70.7,78.3,74.0,79.3,79.0,80.4,83.5,85.4,86.3,85.1,89.5,,
Gibraltar,GIB,Access to electricity (% of population),EG.ELC.ACCS.ZS,,,,,,,,,,,,,,,,,,,,,,,,,,,,,,,100.0,100.0,100.0,100.0,100.0,100.0,100.0,100.0,100.0,100.0,99.9,99.9,99.8,99.8,99.7,99.7,99.7,99.7,99.7,100.0,100.0,99.8,99.9,99.9,99.9,100.0,100.0,100.0,100.0,100.0,100.0,100.0,100.0,100.0,,
Guinea,GIN,Access to electricity (% of population),EG.ELC.ACCS.ZS,,,,,,,,,,,,,,,,,,,,,,,,,,,,,,,,,,,,,,,,16.4,15.2,16.4,17.7,18.9,20.2,20.2,22.8,24.1,25.4,26.7,28.1,29.5,26.2,32.2,33.5,34.9,33.5,35.4,45.0,42.2,44.7,46.8,47.7,51.1,,
"Gambia, The",GMB,Access to electricity (% of population),EG.ELC.ACCS.ZS,,,,,,,,,,,,,,,,,,,,,,,,,,,,,,,,,,17.7,18.2500495910645,19.921443939209,21.5901184082031,23.255392074585,24.9165878295898,26.572940826416,34.3,29.9,31.5,27.8,34.8,30.5,38.1,39.8,41.5,43.2,46.8,48.3,49.9,51.5,53.0,54.7,56.4,56.2,60.3,62.1,62.2,63.7,65.4,66.9,,
Guinea-Bissau,GNB,Access to electricity (% of population),EG.ELC.ACCS.ZS,,,,,,,,,,,,,,,,,,,,,,,,,,,,,,,,,,,,,,,,,,,1.3,2.6,3.9,5.2,14.5,7.9,9.3,4.7,6.0,13.5,14.9,16.3,17.2,20.1,22.9,26.0,28.4,30.9,33.4,35.8,37.4,40.5,,
Equatorial Guinea,GNQ,Access to electricity (% of population),EG.ELC.ACCS.ZS,,,,,,,,,,,,,,,,,,,,,,,,,,,,,,,,,,,,,,,,,64.8,64.9,64.9,64.9,64.9,65.0,65.1,65.1,65.2,65.4,66.1,66.1,65.7,65.9,66.0,66.1,66.2,66.4,66.5,66.6,66.7,66.8,67.0,66.9,,
Greece,GRC,Access to electricity (% of population),EG.ELC.ACCS.ZS,,,,,,,,,,,,,,,,,,,,,,,,,,,,,,,100.0,100.0,100.0,100.0,100.0,100.0,100.0,100.0,100.0,100.0,100.0,100.0,100.0,100.0,100.0,100.0,100.0,100.0,100.0,100.0,100.0,100.0,100.0,100.0,100.0,100.0,100.0,100.0,100.0,100.0,100.0,100.0,100.0,100.0,,
Grenada,GRD,Access to electricity (% of population),EG.ELC.ACCS.ZS,,,,,,,,,,,,,,,,,,,,,,,,,,,,,,,,,,,,,,,85.04,85.5294647216797,86.0,86.3,86.6,86.9,87.2,87.5,87.9,88.2,90.0,89.0,89.4,88.8,90.2,90.6,91.0,91.4,91.8,92.2,92.3,93.0,93.4,93.7,94.2,94.4,,
Greenland,GRL,Access to electricity (% of population),EG.ELC.ACCS.ZS,,,,,,,,,,,,,,,,,,,,,,,,,,,,,,,100.0,100.0,100.0,100.0,100.0,100.0,100.0,100.0,100.0,100.0,100.0,100.0,100.0,100.0,100.0,100.0,100.0,100.0,100.0,100.0,100.0,100.0,100.0,100.0,100.0,100.0,100.0,100.0,100.0,100.0,100.0,100.0,100.0,100.0,,
Guatemala,GTM,Access to electricity (% of population),EG.ELC.ACCS.ZS,,,,,,,,,,,,,,,,,,,,,,,,,,,,,,,,,,,,60.8,67.6799392700195,68.9040756225586,70.1241302490234,70.9,73.3,73.7,78.7,78.5,77.2,78.3,83.7,80.7,81.9,83.1,84.3,84.0,86.8,88.1,85.5,90.5,91.8,93.3,94.2,95.4,96.6,97.9,99.1,100.0,,
Guam,GUM,Access to electricity (% of population),EG.ELC.ACCS.ZS,,,,,,,,,,,,,,,,,,,,,,,,,,,,,,,99.8443069458008,99.8758163452148,99.906867980957,99.937255859375,99.9650802612305,100.0,100.0,100.0,100.0,100.0,100.0,100.0,100.0,100.0,100.0,100.0,100.0,100.0,100.0,100.0,100.0,100.0,100.0,100.0,100.0,100.0,100.0,100.0,100.0,100.0,100.0,100.0,100.0,100.0,,
Guyana,GUY,Access to electricity (% of population),EG.ELC.ACCS.ZS,,,,,,,,,,,,,,,,,,,,,,,,,,,,,,,,,,72.376631,70.713981628418,71.3519821166992,71.9872665405273,72.6191558837891,73.246955871582,73.8699188232422,74.6,75.1,75.7,76.2,76.8,77.5,73.4,78.5,79.1,77.6,83.3,84.2,85.1,86.0,86.9,88.0,89.0,90.0,90.9,91.6,92.3,92.9,93.0,98.9,,
"Hong Kong SAR, China",HKG,Access to electricity (% of population),EG.ELC.ACCS.ZS,,,,,,,,,,,,,,,,,,,,,,,,,,,,,,,100.0,100.0,100.0,100.0,100.0,100.0,100.0,100.0,100.0,100.0,100.0,100.0,100.0,100.0,100.0,100.0,100.0,100.0,100.0,100.0,100.0,100.0,100.0,100.0,100.0,100.0,100.0,100.0,100.0,100.0,100.0,100.0,100.0,100.0,,
Honduras,HND,Access to electricity (% of population),EG.ELC.ACCS.ZS,,,,,,,,,,,,,,,,,,,,,,,,,,,,,,,,54.781937,58.913112,61.100156,64.733947,66.122022,61.68112,64.794754,66.859519,67.394103,67.4,64.2,63.1,65.1,67.1,68.9,71.3,73.5,76.4,78.3,81.0,82.2,83.6,87.2,88.7,90.0,91.6,86.5,91.6,91.1,93.1,94.1,94.4,95.6,,
Croatia,HRV,Access to electricity (% of population),EG.ELC.ACCS.ZS,,,,,,,,,,,,,,,,,,,,,,,,,,,,,,,100.0,100.0,100.0,100.0,100.0,100.0,100.0,100.0,100.0,100.0,100.0,100.0,100.0,100.0,99.9,99.9,99.8,99.8,100.0,100.0,100.0,100.0,100.0,100.0,100.0,100.0,100.0,100.0,100.0,100.0,100.0,100.0,100.0,100.0,,
Haiti,HTI,Access to electricity (% of population),EG.ELC.ACCS.ZS,,,,,,,,,,,,,,,,,,,,,,,,,,,,,,,,,,,,31.3,30.0130176544189,30.5570373535156,31.0969753265381,31.6320724487305,33.7,31.5,33.1,31.6,34.1,34.5,33.9,35.5,36.1,36.6,37.2,37.8,37.9,38.9,39.6,40.8,40.4,43.3,44.4,45.4,46.3,47.2,49.3,51.3,,
Hungary,HUN,Access to electricity (% of population),EG.ELC.ACCS.ZS,,,,,,,,,,,,,,,,,,,,,,,,,,,,,,,100.0,100.0,100.0,100.0,100.0,100.0,100.0,100.0,100.0,100.0,100.0,100.0,100.0,100.0,100.0,99.9,99.9,100.0,100.0,100.0,100.0,100.0,100.0,100.0,100.0,100.0,100.0,100.0,100.0,100.0,100.0,100.0,100.0,100.0,,
Indonesia,IDN,Access to electricity (% of population),EG.ELC.ACCS.ZS,,,,,,,,,,,,,,,,,,,,,,,,,,,,,,,,48.9,66.6965637207031,55.43,62.8,66.86,72.39,80.3,80.94,83.73,86.3,86.3,87.6,87.9,89.0,84.8,90.6,91.1,92.7,93.6,94.2,94.8,96.0,96.5,97.0,97.5,97.6,98.1,98.5,98.9,97.0,99.2,100.0,99.4,,
Isle of Man,IMN,Access to electricity (% of population),EG.ELC.ACCS.ZS,,,,,,,,,,,,,,,,,,,,,,,,,,,,,,,100.0,100.0,100.0,100.0,100.0,100.0,100.0,100.0,100.0,100.0,100.0,100.0,100.0,100.0,100.0,100.0,100.0,100.0,100.0,100.0,100.0,100.0,100.0,100.0,100.0,100.0,100.0,100.0,100.0,100.0,100.0,100.0,100.0,100.0,,
India,IND,Access to electricity (% of population),EG.ELC.ACCS.ZS,,,,,,,,,,,,,,,,,,,,,,,,,,,,,,,,,,50.9,49.8113098144531,51.4087753295898,53.0035209655762,54.5948638916016,56.1821327209473,60.1,60.3,62.0,62.3,65.4,64.4,68.8,67.9,72.3,74.1,75.0,76.3,79.5,79.9,83.1,85.1,88.0,89.6,91.8,95.7,95.9,96.5,99.6,99.2,99.5,,
Ireland,IRL,Access to electricity (% of population),EG.ELC.ACCS.ZS,,,,,,,,,,,,,,,,,,,,,,,,,,,,,,,100.0,100.0,100.0,100.0,100.0,100.0,100.0,100.0,100.0,100.0,100.0,100.0,100.0,100.0,100.0,100.0,100.0,100.0,100.0,100.0,100.0,100.0,100.0,100.0,100.0,100.0,100.0,100.0,100.0,100.0,100.0,100.0,100.0,100.0,,
"Iran, Islamic Rep.",IRN,Access to electricity (% of population),EG.ELC.ACCS.ZS,,,,,,,,,,,,,,,,,,,,,,,,,,,,,,,,,,,,,,,,,97.9,98.1,98.1,98.2,98.3,98.4,98.4,98.7,98.8,99.7,99.4,99.5,99.5,99.8,100.0,100.0,100.0,99.9,100.0,100.0,100.0,100.0,100.0,100.0,,
Iraq,IRQ,Access to electricity (% of population),EG.ELC.ACCS.ZS,,,,,,,,,,,,,,,,,,,,,,,,,,,,,,,,,,,,,,,,,96.8,96.9,97.1,97.2,97.3,97.4,97.6,98.1,97.9,98.1,98.4,98.0,99.3,99.0,99.2,99.4,99.7,99.9,99.9,100.0,100.0,100.0,100.0,100.0,,
Iceland,ISL,Access to electricity (% of population),EG.ELC.ACCS.ZS,,,,,,,,,,,,,,,,,,,,,,,,,,,,,,,100.0,100.0,100.0,100.0,100.0,100.0,100.0,100.0,100.0,100.0,100.0,100.0,100.0,100.0,100.0,100.0,100.0,100.0,100.0,100.0,100.0,100.0,100.0,100.0,100.0,100.0,100.0,100.0,100.0,100.0,100.0,100.0,100.0,100.0,,
Israel,ISR,Access to electricity (% of population),EG.ELC.ACCS.ZS,,,,,,,,,,,,,,,,,,,,,,,,,,,,,,,100.0,100.0,100.0,100.0,100.0,100.0,100.0,100.0,100.0,100.0,100.0,100.0,100.0,100.0,100.0,100.0,100.0,100.0,100.0,100.0,100.0,100.0,100.0,100.0,100.0,100.0,100.0,100.0,100.0,100.0,100.0,100.0,100.0,100.0,,
Italy,ITA,Access to electricity (% of population),EG.ELC.ACCS.ZS,,,,,,,,,,,,,,,,,,,,,,,,,,,,,,,100.0,100.0,100.0,100.0,100.0,100.0,100.0,100.0,100.0,100.0,100.0,100.0,100.0,100.0,100.0,100.0,100.0,100.0,100.0,100.0,100.0,100.0,100.0,100.0,100.0,100.0,100.0,100.0,100.0,100.0,100.0,100.0,100.0,100.0,,
Jamaica,JAM,Access to electricity (% of population),EG.ELC.ACCS.ZS,,,,,,,,,,,,,,,,,,,,,,,,,,,,,,,70.334586,77.2288665771484,78.0329208374023,78.836296081543,79.638313293457,80.4382934570313,85.706045,82.0294036865234,82.8191757202148,84.554112,84.4,87.7,86.7,86.5,87.2,88.0,88.7,89.4,92.0,91.0,92.2,91.1,93.1,93.9,93.3,94.9,96.6,97.4,98.2,98.9,99.7,100.0,100.0,97.7,,
Jordan,JOR,Access to electricity (% of population),EG.ELC.ACCS.ZS,,,,,,,,,,,,,,,,,,,,,,,,,,,,,,,96.8,97.8546829223633,97.9748611450195,98.0943603515625,98.2125015258789,98.3285980224609,98.4419784545898,98.9,98.6578521728516,98.7589111328125,99.0,99.0,99.5,99.0,99.2,99.0,100.0,98.8,100.0,99.4,100.0,99.6,99.5,99.7,99.8,99.9,100.0,100.0,99.9,99.9,99.9,99.9,100.0,100.0,,
Japan,JPN,Access to electricity (% of population),EG.ELC.ACCS.ZS,,,,,,,,,,,,,,,,,,,,,,,,,,,,,,,100.0,100.0,100.0,100.0,100.0,100.0,100.0,100.0,100.0,100.0,100.0,100.0,100.0,100.0,100.0,100.0,100.0,100.0,100.0,100.0,100.0,100.0,100.0,100.0,100.0,100.0,100.0,100.0,100.0,100.0,100.0,100.0,100.0,100.0,,
Kazakhstan,KAZ,Access to electricity (% of population),EG.ELC.ACCS.ZS,,,,,,,,,,,,,,,,,,,,,,,,,,,,,,,,,,,,99.9,99.1921157836914,99.2694702148438,99.3427505493164,97.0,99.6,99.7,99.8,99.9,100.0,100.0,99.8,100.0,100.0,100.0,100.0,99.8,100.0,100.0,100.0,100.0,100.0,100.0,100.0,100.0,100.0,100.0,100.0,100.0,,
Kenya,KEN,Access to electricity (% of population),EG.ELC.ACCS.ZS,,,,,,,,,,,,,,,,,,,,,,,,,,,,,,,,,,10.9,3.47343683242798,5.42734336853027,7.37853050231934,9.32631778717041,14.5,13.2088918685913,15.2,17.0,18.9,16.0,22.6,24.5,26.4,28.3,30.3,23.0,19.2,36.2,38.1,40.1,36.0,41.6,53.1,55.8,61.2,69.7,71.5,76.5,76.0,76.2,,
Kyrgyz Republic,KGZ,Access to electricity (% of population),EG.ELC.ACCS.ZS,,,,,,,,,,,,,,,,,,,,,,,,,,,,,,,,,,,,,,99.8,99.553825378418,99.5655822753906,99.6,99.5,100.0,99.4,99.3,99.4,98.9,99.5,99.5,99.5,99.0,98.3,99.8,98.9,99.8,98.7,99.7,100.0,100.0,99.9,99.9,99.7,99.7,100.0,,
Cambodia,KHM,Access to electricity (% of population),EG.ELC.ACCS.ZS,,,,,,,,,,,,,,,,,,,,,,,,,,,,,,,,,,,,,,,18.67,8.82003688812256,16.6,9.5,13.1,19.3,14.2,20.5,27.5,20.2,26.4,25.6,31.1,37.4,42.3,50.9,56.1,62.7,68.8,89.1,80.7,84.0,86.4,82.5,92.3,95.0,,
Kiribati,KIR,Access to electricity (% of population),EG.ELC.ACCS.ZS,,,,,,,,,,,,,,,,,,,,,,,,,,,,,,,,,,,,,,,,,55.6,57.3,59.0,60.7,62.4,69.7,68.8,67.7,69.4,64.2,63.2,74.9,76.7,78.8,83.4,90.6,92.6,85.7,87.5,89.3,91.0,92.8,94.4,95.9,,
St. Kitts and Nevis,KNA,Access to electricity (% of population),EG.ELC.ACCS.ZS,,,,,,,,,,,,,,,,,,,,,,,,,,,,,,,91.3068161010742,91.6711730957031,92.0354309082031,92.3990020751953,92.7612075805664,93.1213836669922,93.4788360595703,93.8328857421875,94.182861328125,94.5279922485352,95.4,93.5,95.8,96.0,96.3,96.5,96.7,97.0,97.3,97.6,99.8,100.0,100.0,100.0,100.0,100.0,100.0,100.0,100.0,100.0,100.0,100.0,100.0,100.0,,
"Korea, Rep.",KOR,Access to electricity (% of population),EG.ELC.ACCS.ZS,,,,,,,,,,,,,,,,,,,,,,,,,,,,,,,99.8828430175781,99.9126739501953,99.9422149658203,99.9694366455078,99.9891204833984,100.0,100.0,100.0,100.0,100.0,100.0,100.0,100.0,100.0,100.0,100.0,100.0,100.0,100.0,100.0,100.0,100.0,100.0,100.0,100.0,100.0,100.0,100.0,100.0,100.0,100.0,100.0,100.0,100.0,,
Kuwait,KWT,Access to electricity (% of population),EG.ELC.ACCS.ZS,,,,,,,,,,,,,,,,,,,,,,,,,,,,,,,100.0,100.0,100.0,100.0,100.0,100.0,100.0,100.0,100.0,100.0,100.0,100.0,100.0,100.0,100.0,100.0,100.0,100.0,100.0,100.0,100.0,100.0,100.0,100.0,100.0,100.0,100.0,100.0,100.0,100.0,100.0,100.0,100.0,100.0,,
Lao PDR,LAO,Access to electricity (% of population),EG.ELC.ACCS.ZS,,,,,,,,,,,,,,,,,,,,,,,,,,,,,,,,,,31.0,25.6057929992676,25.0,31.2476997375488,34.0638961791992,36.8760108947754,39.6832847595215,42.6,45.3,46.3,48.0,53.5,57.2,57.0,55.0,66.0,67.4,70.2,70.0,76.4,79.3,82.5,89.7,89.0,93.6,92.9,98.4,99.3,100.0,100.0,96.5,,
Lebanon,LBN,Access to electricity (% of population),EG.ELC.ACCS.ZS,,,,,,,,,,,,,,,,,,,,,,,,,,,,,,,,,,,,,,,,,99.3,99.3,99.3,99.2,99.9,99.2,99.4,97.8,99.9,99.3,99.5,99.7,99.5,99.6,99.7,99.7,99.8,99.9,99.7,100.0,100.0,100.0,100.0,100.0,,
Liberia,LBR,Access to electricity (% of population),EG.ELC.ACCS.ZS,,,,,,,,,,,,,,,,,,,,,,,,,,,,,,,,,,,,,,,,,,,,,,,,3.0,1.3,1.9,5.3,4.1,9.3,9.8,9.4,15.2,17.7,24.2,22.8,23.1,27.6,29.8,31.8,32.5,,
Libya,LBY,Access to electricity (% of population),EG.ELC.ACCS.ZS,,,,,,,,,,,,,,,,,,,,,,,,,,,,,,,,,,,,,,,,,99.8,96.9,95.2,93.5,91.8,90.1,88.4,86.8,85.1,83.5,81.9,80.3,78.7,77.1,75.5,73.8,72.2,70.6,67.0,68.5,69.4,70.2,70.0,73.2,,
St. Lucia,LCA,Access to electricity (% of population),EG.ELC.ACCS.ZS,,,,,,,,,,,,,,,,,,,,,,,,,,,,,,,,,,,,,,,,,86.0,89.9,87.7,88.5,89.3,90.1,90.9,91.8,92.7,93.5,94.2,95.4,95.3,97.2,98.1,99.0,99.8,99.9,100.0,100.0,100.0,100.0,100.0,100.0,,
Liechtenstein,LIE,Access to electricity (% of population),EG.ELC.ACCS.ZS,,,,,,,,,,,,,,,,,,,,,,,,,,,,,,,100.0,100.0,100.0,100.0,100.0,100.0,100.0,100.0,100.0,100.0,100.0,100.0,100.0,100.0,100.0,100.0,100.0,100.0,100.0,100.0,100.0,100.0,100.0,100.0,100.0,100.0,100.0,100.0,100.0,100.0,100.0,100.0,100.0,100.0,,
Sri Lanka,LKA,Access to electricity (% of population),EG.ELC.ACCS.ZS,,,,,,,,,,,,,,,,,,,,,,,,,,,,,,,,,,,,,,,,,70.3,63.6,80.7,75.0,76.5,78.1,82.1,80.0,82.9,87.1,85.3,87.8,87.0,90.2,92.7,94.3,97.5,97.5,99.6,99.8,100.0,100.0,100.0,100.0,,
Lesotho,LSO,Access to electricity (% of population),EG.ELC.ACCS.ZS,,,,,,,,,,,,,,,,,,,,,,,,,,,,,,,,,,,,,,,,,4.3,1.3,3.4,5.4,6.8,9.6,9.7,13.9,16.0,17.0,17.0,22.5,20.6,26.9,27.8,31.8,35.1,33.7,47.0,44.6,47.5,50.4,50.0,57.3,,
Lithuania,LTU,Access to electricity (% of population),EG.ELC.ACCS.ZS,,,,,,,,,,,,,,,,,,,,,,,,,,,,,,,100.0,100.0,100.0,100.0,100.0,100.0,100.0,100.0,100.0,100.0,99.5,99.5,99.4,99.4,99.4,99.4,99.4,99.4,99.4,99.5,99.7,99.7,100.0,100.0,100.0,100.0,100.0,100.0,100.0,100.0,100.0,100.0,100.0,100.0,,
Luxembourg,LUX,Access to electricity (% of population),EG.ELC.ACCS.ZS,,,,,,,,,,,,,,,,,,,,,,,,,,,,,,,100.0,100.0,100.0,100.0,100.0,100.0,100.0,100.0,100.0,100.0,100.0,100.0,100.0,100.0,100.0,100.0,100.0,100.0,100.0,100.0,100.0,100.0,100.0,100.0,100.0,100.0,100.0,100.0,100.0,100.0,100.0,100.0,100.0,100.0,,
Latvia,LVA,Access to electricity (% of population),EG.ELC.ACCS.ZS,,,,,,,,,,,,,,,,,,,,,,,,,,,,,,,100.0,100.0,100.0,100.0,100.0,100.0,100.0,100.0,100.0,100.0,99.9,99.9,99.8,99.8,99.7,99.7,99.6,99.7,99.7,100.0,99.8,99.8,100.0,100.0,100.0,100.0,100.0,100.0,100.0,100.0,100.0,100.0,100.0,100.0,,
"Macao SAR, China",MAC,Access to electricity (% of population),EG.ELC.ACCS.ZS,,,,,,,,,,,,,,,,,,,,,,,,,,,,,,,99.8492813110352,99.8805847167969,99.9114303588867,99.9416198730469,100.0,100.0,100.0,100.0,100.0,100.0,100.0,100.0,100.0,100.0,100.0,100.0,100.0,100.0,100.0,100.0,100.0,100.0,100.0,100.0,100.0,100.0,100.0,100.0,100.0,100.0,100.0,100.0,100.0,100.0,,
St. Martin (French part),MAF,Access to electricity (% of population),EG.ELC.ACCS.ZS,,,,,,,,,,,,,,,,,,,,,,,,,,,,,,,100.0,100.0,100.0,100.0,100.0,100.0,100.0,100.0,100.0,100.0,100.0,99.9,99.9,99.8,99.8,99.7,99.7,99.7,99.7,99.7,100.0,100.0,100.0,100.0,100.0,100.0,100.0,100.0,100.0,100.0,100.0,100.0,100.0,100.0,,
Morocco,MAR,Access to electricity (% of population),EG.ELC.ACCS.ZS,,,,,,,,,,,,,,,,,,,,,,,,,,,,,,,,,49.2,56.7726516723633,58.6088981628418,56.5,62.2745933532715,64.1026840209961,65.9266891479492,67.7458572387695,69.8,71.6,73.3,75.1,78.2,78.6,96.5,82.2,84.1,85.9,95.7,96.1,96.4,97.2,97.3,97.3,97.8,100.0,98.1,99.6,100.0,100.0,100.0,100.0,,
Monaco,MCO,Access to electricity (% of population),EG.ELC.ACCS.ZS,,,,,,,,,,,,,,,,,,,,,,,,,,,,,,,100.0,100.0,100.0,100.0,100.0,100.0,100.0,100.0,100.0,100.0,100.0,100.0,100.0,100.0,100.0,100.0,100.0,100.0,100.0,100.0,100.0,100.0,100.0,100.0,100.0,100.0,100.0,100.0,100.0,100.0,100.0,100.0,100.0,100.0,,
Moldova,MDA,Access to electricity (% of population),EG.ELC.ACCS.ZS,,,,,,,,,,,,,,,,,,,,,,,,,,,,,,,100.0,100.0,100.0,100.0,100.0,100.0,100.0,100.0,100.0,100.0,98.7,98.8,99.0,98.8,99.1,98.6,98.9,99.0,99.1,99.2,99.3,99.4,99.5,99.6,99.8,99.9,99.9,100.0,100.0,100.0,100.0,100.0,100.0,100.0,,
Madagascar,MDG,Access to electricity (% of population),EG.ELC.ACCS.ZS,,,,,,,,,,,,,,,,,,,,,,,,,,,,,,,,,9.2,10.1056232452393,10.5616483688354,11.0156345367432,11.4669008255005,10.9,12.3585548400879,12.7975006103516,12.6,14.8,14.0,20.3,15.3,16.0,16.8,17.5,18.3,17.4,12.3,14.3,18.7,12.9,23.0,23.8,22.9,24.1,36.5,31.0,32.0,35.1,36.1,39.4,,
Maldives,MDV,Access to electricity (% of population),EG.ELC.ACCS.ZS,,,,,,,,,,,,,,,,,,,,,,,,,,,,,,,,,,,,,,,,,83.8,87.5,88.3,89.1,90.0,90.9,91.7,92.6,93.6,99.9,99.0,99.1,99.2,99.4,100.0,99.8,100.0,99.8,100.0,100.0,100.0,100.0,100.0,100.0,,
Mexico,MEX,Access to electricity (% of population),EG.ELC.ACCS.ZS,,,,,,,,,,,,,,,,,,,,,,,,,,,,,,,,,93.145981,95.4484634399414,95.238294,95.8944625854492,96.093624,96.3295822143555,96.092755,96.7482986450195,98.0,97.1,97.9,97.4,98.6,98.9,99.1,97.9,98.9,98.3,99.2,99.0,99.1,99.1,99.2,99.0,99.5,100.0,99.5,99.6,99.4,100.0,100.0,99.7,,
Marshall Islands,MHL,Access to electricity (% of population),EG.ELC.ACCS.ZS,,,,,,,,,,,,,,,,,,,,,,,,,,,,,,,,,,,,,,,,68.5242358752702,68.6,70.1,71.5,72.9,74.3,75.7,77.2,72.3,80.2,81.7,89.4,89.9,90.4,90.9,91.5,92.1,92.7,93.8,95.3,96.8,98.3,99.8,100.0,100.0,,
North Macedonia,MKD,Access to electricity (% of population),EG.ELC.ACCS.ZS,,,,,,,,,,,,,,,,,,,,,,,,,,,,,,,100.0,100.0,100.0,100.0,100.0,100.0,100.0,100.0,100.0,100.0,99.0,99.0,99.0,99.0,99.4,99.1,99.0,99.1,99.2,99.2,99.5,99.7,99.6,99.7,99.8,99.9,100.0,100.0,99.8,100.0,100.0,100.0,100.0,100.0,,
Mali,MLI,Access to electricity (% of population),EG.ELC.ACCS.ZS,,,,,,,,,,,,,,,,,,,,,,,,,,,,,,,,,,,,,6.2,4.28854084014893,6.06686353683472,7.84034395217896,9.6,10.8,13.0,14.7,16.4,18.2,16.6,21.7,23.4,24.0,27.0,28.8,25.6,32.4,34.2,37.6,38.8,34.8,50.9,47.9,50.6,53.4,53.0,54.5,,
Malta,MLT,Access to electricity (% of population),EG.ELC.ACCS.ZS,,,,,,,,,,,,,,,,,,,,,,,,,,,,,,,100.0,100.0,100.0,100.0,100.0,100.0,100.0,100.0,100.0,100.0,100.0,100.0,100.0,100.0,100.0,100.0,100.0,100.0,100.0,100.0,100.0,100.0,100.0,100.0,100.0,100.0,100.0,100.0,100.0,100.0,100.0,100.0,100.0,100.0,,
Myanmar,MMR,Access to electricity (% of population),EG.ELC.ACCS.ZS,,,,,,,,,,,,,,,,,,,,,,,,,,,,,,,,,,,,,,,,,41.9,43.0,47.0,45.1,46.2,47.3,48.4,49.5,50.6,51.8,48.8,54.1,55.3,56.5,52.0,60.5,55.6,69.8,66.1,68.3,70.4,72.5,73.6,76.8,,
Montenegro,MNE,Access to electricity (% of population),EG.ELC.ACCS.ZS,,,,,,,,,,,,,,,,,,,,,,,,,,,,,,,100.0,100.0,100.0,100.0,100.0,100.0,100.0,100.0,100.0,100.0,99.1,99.1,99.0,99.0,99.0,99.8,99.0,99.0,99.0,99.1,99.2,99.0,99.3,99.7,97.7,99.5,99.6,100.0,100.0,100.0,99.9,99.8,100.0,100.0,,
Mongolia,MNG,Access to electricity (% of population),EG.ELC.ACCS.ZS,,,,,,,,,,,,,,,,,,,,,,,,,,,,,,,,,,,,,,,,,67.3,71.7,72.8,76.3,74.8,86.2,77.0,78.1,79.2,80.3,78.5,72.1,83.7,81.2,86.0,88.0,90.8,93.6,98.1,98.9,99.5,100.0,100.0,100.0,,
Northern Mariana Islands,MNP,Access to electricity (% of population),EG.ELC.ACCS.ZS,,,,,,,,,,,,,,,,,,,,,,,,,,,,,,,99.8532638549805,99.8843765258789,99.9150314331055,99.9449234008789,99.9716415405273,100.0,100.0,100.0,100.0,100.0,100.0,100.0,99.9,99.9,99.8,99.8,99.7,100.0,100.0,100.0,100.0,100.0,100.0,100.0,100.0,100.0,100.0,100.0,100.0,100.0,100.0,100.0,100.0,100.0,,
Mozambique,MOZ,Access to electricity (% of population),EG.ELC.ACCS.ZS,,,,,,,,,,,,,,,,,,,,,,,,,,,,,,,,,,,,,,6.6,3.66317558288574,4.87912368774414,6.1,5.7,8.4,8.1,10.7,11.8,13.0,12.4,13.6,15.0,18.9,20.2,21.2,22.4,24.8,24.0,26.2,24.3,31.1,29.7,30.6,31.5,33.2,36.0,,
Mauritania,MRT,Access to electricity (% of population),EG.ELC.ACCS.ZS,,,,,,,,,,,,,,,,,,,,,,,,,,,,,,,,,,,,,,,,,19.1,22.2,21.7,23.0,24.3,18.2,27.0,33.0,30.0,31.1,34.2,35.3,36.4,37.6,38.8,39.5,41.2,42.9,43.6,44.9,45.4,47.7,49.0,50.3,,
Mauritius,MUS,Access to electricity (% of population),EG.ELC.ACCS.ZS,,,,,,,,,,,,,,,,,,,,,,,,,,,,,,,99.0415649414063,99.0706787109375,99.0996780395508,99.1280059814453,99.1549682617188,99.1798858642578,99.2020950317383,99.2208938598633,99.2356185913086,99.2455062866211,99.0,99.2,99.4,99.1,99.0,99.0,99.0,99.0,99.0,99.0,99.4,99.6,99.4,99.4,99.5,99.6,99.7,99.6,99.8,100.0,99.5,99.6,100.0,100.0,,
Malawi,MWI,Access to electricity (% of population),EG.ELC.ACCS.ZS,,,,,,,,,,,,,,,,,,,,,,,,,,,,,,,,,3.2,1.55355584621429,2.01366138458252,2.47172713279724,2.92707347869873,3.37902021408081,3.82688760757446,4.26991271972656,4.8,5.2,5.6,6.2,6.9,6.6,3.7,7.4,7.8,8.3,8.7,7.6,7.4,9.0,11.9,10.8,11.0,12.7,18.0,11.2,11.5,14.2,14.0,15.6,,
Malaysia,MYS,Access to electricity (% of population),EG.ELC.ACCS.ZS,,,,,,,,,,,,,,,,,,,,,,,,,,,,,,,,,,,,,,,,,98.6,98.6,98.6,98.7,98.7,98.7,98.8,98.9,99.0,99.3,99.5,99.5,99.8,99.6,99.7,99.9,99.9,100.0,100.0,100.0,100.0,100.0,100.0,100.0,,
Namibia,NAM,Access to electricity (% of population),EG.ELC.ACCS.ZS,,,,,,,,,,,,,,,,,,,,,,,,,,,,,,,,,26.4,27.0,28.9325885772705,29.9521484375,30.9689884185791,31.9824295043945,32.9917907714844,33.9963111877441,36.5,36.0,36.9,37.8,38.7,39.6,40.5,43.7,42.4,44.1,44.4,42.3,46.4,47.4,48.4,51.6,49.7,52.5,52.3,53.3,52.3,55.2,56.2,56.7,,
New Caledonia,NCL,Access to electricity (% of population),EG.ELC.ACCS.ZS,,,,,,,,,,,,,,,,,,,,,,,,,,,,,,,99.8443069458008,99.8758163452148,99.906867980957,99.937255859375,99.9650802612305,100.0,100.0,100.0,100.0,100.0,100.0,100.0,100.0,100.0,100.0,100.0,100.0,100.0,100.0,100.0,100.0,100.0,100.0,100.0,100.0,100.0,100.0,100.0,100.0,100.0,100.0,100.0,100.0,100.0,,
Niger,NER,Access to electricity (% of population),EG.ELC.ACCS.ZS,,,,,,,,,,,,,,,,,,,,,,,,,,,,,,,,,4.4,4.01213979721069,4.57177639007568,6.2,7.0,6.23572778701782,6.7,7.32568216323853,6.5,8.4,8.8,9.3,9.7,7.1,9.3,11.2,11.8,12.3,13.6,14.3,14.4,15.2,15.7,16.6,17.0,17.6,17.6,18.5,18.7,18.6,19.5,20.1,,
Nigeria,NGA,Access to electricity (% of population),EG.ELC.ACCS.ZS,,,,,,,,,,,,,,,,,,,,,,,,,,,,,,,27.3,35.2346000671387,36.0994606018066,36.9636459350586,37.8264694213867,38.6872520446777,39.5453186035156,40.3999824523926,41.2505683898926,44.9,43.2,43.9,44.6,52.2,46.1,46.8,47.6,50.1,50.3,50.0,48.0,55.9,53.0,55.6,54.2,52.5,59.3,54.4,56.5,55.4,55.4,59.5,60.5,61.2,,
Nicaragua,NIC,Access to electricity (% of population),EG.ELC.ACCS.ZS,,,,,,,,,,,,,,,,,,,,,,,,,,,,,,,,,,72.064174,69.2538299560547,69.8499069213867,70.4432601928711,71.0332107543945,69.047103,72.2001266479492,73.0,72.2,74.1,74.6,75.2,73.8,76.3,76.9,77.5,77.9,80.1,81.2,81.3,81.9,81.9,83.2,83.9,84.6,85.2,85.7,86.0,86.3,86.5,88.3,,
Netherlands,NLD,Access to electricity (% of population),EG.ELC.ACCS.ZS,,,,,,,,,,,,,,,,,,,,,,,,,,,,,,,100.0,100.0,100.0,100.0,100.0,100.0,100.0,100.0,100.0,100.0,100.0,100.0,100.0,100.0,100.0,100.0,100.0,100.0,100.0,100.0,100.0,100.0,100.0,100.0,100.0,100.0,100.0,100.0,100.0,100.0,100.0,100.0,100.0,100.0,,
Norway,NOR,Access to electricity (% of population),EG.ELC.ACCS.ZS,,,,,,,,,,,,,,,,,,,,,,,,,,,,,,,100.0,100.0,100.0,100.0,100.0,100.0,100.0,100.0,100.0,100.0,100.0,100.0,100.0,100.0,100.0,100.0,100.0,100.0,100.0,100.0,100.0,100.0,100.0,100.0,100.0,100.0,100.0,100.0,100.0,100.0,100.0,100.0,100.0,100.0,,
Nepal,NPL,Access to electricity (% of population),EG.ELC.ACCS.ZS,,,,,,,,,,,,,,,,,,,,,,,,,,,,,,,,,,,,,17.9,18.1328678131104,21.7325325012207,25.3273544311523,29.9,24.6,36.4,39.6,37.2,46.1,51.2,52.6,56.0,59.3,68.6,67.3,75.2,77.4,84.9,82.0,90.7,86.6,93.9,89.9,89.9,89.9,91.3,94.0,,
Nauru,NRU,Access to electricity (% of population),EG.ELC.ACCS.ZS,,,,,,,,,,,,,,,,,,,,,,,,,,,,,,,98.9990844726563,99.0413055419922,99.0834197998047,99.1248550415039,99.164924621582,99.2029571533203,99.2382659912109,99.2701797485352,99.2980117797852,99.3210067749023,99.1,99.0,99.0,99.0,99.0,99.0,99.0,99.8,99.1,99.1,99.2,99.0,99.4,99.4,99.5,99.0,99.7,99.8,99.9,100.0,100.0,100.0,100.0,100.0,,
New Zealand,NZL,Access to electricity (% of population),EG.ELC.ACCS.ZS,,,,,,,,,,,,,,,,,,,,,,,,,,,,,,,100.0,100.0,100.0,100.0,100.0,100.0,100.0,100.0,100.0,100.0,100.0,100.0,100.0,100.0,100.0,100.0,100.0,100.0,100.0,100.0,100.0,100.0,100.0,100.0,100.0,100.0,100.0,100.0,100.0,100.0,100.0,100.0,100.0,100.0,,
Oman,OMN,Access to electricity (% of population),EG.ELC.ACCS.ZS,,,,,,,,,,,,,,,,,,,,,,,,,,,,,,,100.0,100.0,100.0,100.0,100.0,100.0,100.0,100.0,100.0,100.0,100.0,100.0,100.0,100.0,100.0,99.9,99.9,100.0,100.0,100.0,100.0,100.0,100.0,100.0,100.0,100.0,100.0,100.0,100.0,100.0,100.0,100.0,100.0,100.0,,
Pakistan,PAK,Access to electricity (% of population),EG.ELC.ACCS.ZS,,,,,,,,,,,,,,,,,,,,,,,,,,,,,,,,,,,,,,,70.46,70.2653503417969,72.8,73.9,74.9,76.0,77.0,78.1,79.1,80.2,81.4,82.5,87.1,87.8,88.6,89.3,90.1,91.0,91.8,92.7,93.4,93.9,94.5,94.9,95.0,95.6,,
Panama,PAN,Access to electricity (% of population),EG.ELC.ACCS.ZS,,,,,,,,,,,,,,,,,,,,,,,,,,,,,,,70.19,73.4431304931641,74.2556381225586,75.0674591064453,75.8779220581055,76.6863403320313,77.4920425415039,78.2943496704102,79.0925750732422,79.8859558105469,81.4,81.5,82.1,87.8,83.4,84.1,84.8,85.5,86.3,87.0,86.9,88.6,89.3,89.1,90.8,91.6,92.4,93.7,93.8,93.9,95.3,95.3,95.0,97.0,,
Peru,PER,Access to electricity (% of population),EG.ELC.ACCS.ZS,,,,,,,,,,,,,,,,,,,,,,,,,,,,,,,,,70.1,64.7489929199219,66.0529327392578,67.3548355102539,67.0,69.16024,72.072063,74.078523,72.5,72.1,74.4,74.4,75.7,77.2,80.2,82.0,84.7,86.4,88.1,89.7,91.1,92.1,92.9,93.9,94.2,94.8,95.2,95.6,96.2,95.6,96.2,96.2,,
Philippines,PHL,Access to electricity (% of population),EG.ELC.ACCS.ZS,,,,,,,,,,,,,,,,,,,,,,,,,,,,,,,,,,65.4,68.0185546875,69.1331176757813,70.2449569702148,71.3533935546875,71.3,71.8741709275167,74.7,75.7,76.7,76.6,87.6,79.8,80.2,82.0,83.3,84.3,85.5,87.2,87.1,87.5,89.8,89.1,92.0,93.0,94.2,95.3,96.4,97.5,94.8,98.0,,
Palau,PLW,Access to electricity (% of population),EG.ELC.ACCS.ZS,,,,,,,,,,,,,,,,,,,,,,,,,,,,,,,96.6253509521484,96.7627029418945,96.8999328613281,97.036491394043,97.1716842651367,97.3048400878906,97.4352722167969,97.5623092651367,97.6852645874023,97.8033752441406,97.9,98.0,98.0,98.1,98.1,98.9,98.3,98.4,98.5,98.6,98.8,98.9,97.6,99.2,99.8,99.5,100.0,100.0,100.0,100.0,100.0,100.0,100.0,100.0,,
Papua New Guinea,PNG,Access to electricity (% of population),EG.ELC.ACCS.ZS,,,,,,,,,,,,,,,,,,,,,,,,,,,,,,,,,,,,,11.0,2.15848255157471,4.29508972167969,6.42685508728027,12.4,12.7,13.1,13.4,13.8,14.1,12.4,14.9,15.3,17.2,19.5,17.3,17.5,17.8,18.1,18.4,13.5,19.2,16.6,23.6,20.5,20.9,19.0,20.5,,
Poland,POL,Access to electricity (% of population),EG.ELC.ACCS.ZS,,,,,,,,,,,,,,,,,,,,,,,,,,,,,,,100.0,100.0,100.0,100.0,100.0,100.0,100.0,100.0,100.0,100.0,100.0,100.0,100.0,99.9,99.9,99.8,99.8,99.8,99.8,100.0,100.0,100.0,100.0,100.0,100.0,100.0,100.0,100.0,100.0,100.0,100.0,100.0,100.0,100.0,,
Puerto Rico (US),PRI,Access to electricity (% of population),EG.ELC.ACCS.ZS,,,,,,,,,,,,,,,,,,,,,,,,,,,,,,,99.9834289550781,99.9930953979492,99.9986190795898,100.0,100.0,100.0,100.0,100.0,100.0,100.0,100.0,100.0,100.0,100.0,100.0,100.0,100.0,100.0,100.0,100.0,100.0,100.0,100.0,100.0,100.0,100.0,100.0,100.0,100.0,100.0,100.0,100.0,100.0,100.0,,
"Korea, Dem. People's Rep.",PRK,Access to electricity (% of population),EG.ELC.ACCS.ZS,,,,,,,,,,,,,,,,,,,,,,,,,,,,,,,,,,,,,,,,,,,,,,,,,,26.0,29.3,31.4,33.6,35.7,37.8,40.0,42.1,44.2,46.3,48.4,50.5,52.6,54.7,57.5,,
Portugal,PRT,Access to electricity (% of population),EG.ELC.ACCS.ZS,,,,,,,,,,,,,,,,,,,,,,,,,,,,,,,100.0,100.0,100.0,100.0,100.0,100.0,100.0,100.0,100.0,100.0,100.0,100.0,100.0,100.0,100.0,100.0,100.0,100.0,100.0,100.0,100.0,100.0,100.0,100.0,100.0,100.0,100.0,100.0,100.0,100.0,100.0,100.0,100.0,100.0,,
Paraguay,PRY,Access to electricity (% of population),EG.ELC.ACCS.ZS,,,,,,,,,,,,,,,,,,,,,,,,,,,,,,,,,,,,77.469114,86.2600555419922,86.412854,87.7623672485352,88.518177,89.6,91.0,91.7,92.6,93.2,94.7,96.7,96.5,96.7,96.9,97.4,98.2,97.8,99.0,99.0,99.3,98.4,99.3,99.6,99.7,99.7,100.0,100.0,99.8,,
West Bank and Gaza,PSE,Access to electricity (% of population),EG.ELC.ACCS.ZS,,,,,,,,,,,,,,,,,,,,,,,,,,,,,,,,,,,,,,97.9,98.5392990112305,98.6231536865234,99.7,99.1,99.2,99.1,99.5,99.6,99.7,98.8,99.8,99.9,99.9,99.7,99.8,99.9,99.9,99.9,100.0,99.9,100.0,100.0,100.0,100.0,100.0,100.0,,
French Polynesia,PYF,Access to electricity (% of population),EG.ELC.ACCS.ZS,,,,,,,,,,,,,,,,,,,,,,,,,,,,,,,100.0,100.0,100.0,100.0,100.0,100.0,100.0,100.0,100.0,100.0,100.0,100.0,100.0,100.0,100.0,100.0,100.0,100.0,100.0,100.0,100.0,100.0,100.0,100.0,100.0,100.0,100.0,100.0,100.0,100.0,100.0,100.0,100.0,100.0,,
Qatar,QAT,Access to electricity (% of population),EG.ELC.ACCS.ZS,,,,,,,,,,,,,,,,,,,,,,,,,,,,,,,100.0,100.0,100.0,100.0,100.0,100.0,100.0,100.0,100.0,100.0,100.0,100.0,100.0,100.0,100.0,100.0,100.0,100.0,100.0,100.0,100.0,100.0,100.0,100.0,100.0,100.0,100.0,100.0,100.0,100.0,100.0,100.0,100.0,100.0,,
Romania,ROU,Access to electricity (% of population),EG.ELC.ACCS.ZS,,,,,,,,,,,,,,,,,,,,,,,,,,,,,,,100.0,100.0,100.0,100.0,100.0,100.0,100.0,100.0,100.0,100.0,94.4,94.6,94.9,95.1,95.3,95.6,95.9,96.1,96.5,96.8,97.1,97.4,97.8,98.1,98.4,98.8,99.1,100.0,99.8,100.0,100.0,100.0,100.0,100.0,,
Russian Federation,RUS,Access to electricity (% of population),EG.ELC.ACCS.ZS,,,,,,,,,,,,,,,,,,,,,,,,,,,,,,,100.0,100.0,100.0,100.0,100.0,100.0,100.0,100.0,100.0,100.0,97.8,97.9,97.9,97.9,98.0,98.0,98.1,98.2,98.3,98.4,99.3,99.2,100.0,100.0,100.0,95.5,99.4,100.0,100.0,99.8,99.9,100.0,100.0,100.0,,
Rwanda,RWA,Access to electricity (% of population),EG.ELC.ACCS.ZS,,,,,,,,,,,,,,,,,,,,,,,,,,,,,,,,,2.3,,,,,1.02783596515656,2.17412757873535,3.31557703018188,6.2,4.7,6.0,7.4,8.7,4.8,11.4,12.8,6.0,15.6,9.7,10.8,17.5,15.2,19.8,22.8,29.4,34.1,38.0,46.6,45.2,48.7,50.6,63.9,,
Saudi Arabia,SAU,Access to electricity (% of population),EG.ELC.ACCS.ZS,,,,,,,,,,,,,,,,,,,,,,,,,,,,,,,100.0,100.0,100.0,100.0,100.0,100.0,100.0,100.0,100.0,100.0,100.0,100.0,100.0,100.0,100.0,100.0,100.0,100.0,100.0,100.0,100.0,100.0,100.0,100.0,100.0,100.0,99.9,100.0,99.9,100.0,100.0,100.0,100.0,100.0,,
Sudan,SDN,Access to electricity (% of population),EG.ELC.ACCS.ZS,,,,,,,,,,,,,,,,,,,,,,,,,,,,,,,32.8,26.9192943572998,27.4086132049561,27.897253036499,28.3845348358154,28.8697834014893,29.35231590271,29.8314571380615,30.3065280914307,30.7767562866211,23.0,29.4,29.7,29.9,30.2,30.5,30.8,31.1,20.0,29.0,36.0,38.3,40.7,43.1,44.9,48.0,50.5,53.0,55.3,57.6,59.7,61.8,63.2,66.0,,
Senegal,SEN,Access to electricity (% of population),EG.ELC.ACCS.ZS,,,,,,,,,,,,,,,,,,,,,,,,,,,,,,,,,,26.0,27.190486907959,28.8571910858154,30.5211772918701,32.2,33.8382682800293,36.2,37.7,38.9,36.8,41.9,36.8,47.1,49.9,48.1,49.7,53.5,56.5,56.5,56.5,57.0,61.0,60.5,64.5,61.7,66.0,70.4,64.3,68.0,67.9,74.2,,
Singapore,SGP,Access to electricity (% of population),EG.ELC.ACCS.ZS,,,,,,,,,,,,,,,,,,,,,,,,,,,,,,,100.0,100.0,100.0,100.0,100.0,100.0,100.0,100.0,100.0,100.0,100.0,100.0,100.0,100.0,100.0,100.0,100.0,100.0,100.0,100.0,100.0,100.0,100.0,100.0,100.0,100.0,100.0,100.0,100.0,100.0,100.0,100.0,100.0,100.0,,
Solomon Islands,SLB,Access to electricity (% of population),EG.ELC.ACCS.ZS,,,,,,,,,,,,,,,,,,,,,,,,,,,,,,,,,,,,,,,,15.7,4.7,7.6,10.5,13.4,16.3,19.2,14.4,12.9,28.1,21.2,35.4,39.1,42.9,44.7,50.5,55.1,58.2,62.9,65.8,69.4,72.9,76.3,76.0,81.3,,
Sierra Leone,SLE,Access to electricity (% of population),EG.ELC.ACCS.ZS,,,,,,,,,,,,,,,,,,,,,,,,,,,,,,,,,,,,,,,,,7.7,8.5,9.2,9.9,16.8,11.3,12.2,13.0,12.1,14.6,11.5,14.2,17.2,13.5,18.8,19.7,20.3,23.4,26.1,22.7,26.3,27.5,29.4,35.5,,
El Salvador,SLV,Access to electricity (% of population),EG.ELC.ACCS.ZS,,,,,,,,,,,,,,,,,,,,,,,,,,,,,,,,69.60788,75.3321914672852,76.2761383056641,77.2187194824219,76.995504,77.883,80.0315170288086,81.637983,79.129592,84.5,87.1,87.5,87.0,87.4,87.5,89.2,91.1,91.0,91.1,91.6,92.6,93.7,95.0,95.1,95.4,96.0,96.8,97.0,97.4,99.7,97.9,100.0,98.3,,
San Marino,SMR,Access to electricity (% of population),EG.ELC.ACCS.ZS,,,,,,,,,,,,,,,,,,,,,,,,,,,,,,,100.0,100.0,100.0,100.0,100.0,100.0,100.0,100.0,100.0,100.0,100.0,100.0,100.0,100.0,100.0,100.0,100.0,100.0,100.0,100.0,100.0,100.0,100.0,100.0,100.0,100.0,100.0,100.0,100.0,100.0,100.0,100.0,100.0,100.0,,
"Somalia, Fed. Rep.",SOM,Access to electricity (% of population),EG.ELC.ACCS.ZS,,,,,,,,,,,,,,,,,,,,,,,,,,,,,,,,,,,,,,,,,2.1,4.7,7.4,9.8,12.4,15.0,15.2,20.2,22.9,25.5,52.3,52.0,51.8,51.5,51.4,51.2,51.1,52.1,50.7,49.2,49.9,49.3,48.9,50.3,,
Serbia,SRB,Access to electricity (% of population),EG.ELC.ACCS.ZS,,,,,,,,,,,,,,,,,,,,,,,,,,,,,,,100.0,100.0,100.0,100.0,100.0,100.0,100.0,100.0,100.0,100.0,99.9,99.8,100.0,99.7,99.6,99.7,99.6,99.6,99.6,99.6,99.7,99.7,99.8,99.9,99.7,99.9,99.9,100.0,100.0,99.8,100.0,100.0,100.0,100.0,,
South Sudan,SSD,Access to electricity (% of population),EG.ELC.ACCS.ZS,,,,,,,,,,,,,,,,,,,,,,,,,,,,,,,,,,,,,,,,,,,,,,,,0.8,1.3,3.0,1.5,2.8,3.3,3.8,4.3,4.8,5.3,4.2,6.3,6.8,7.3,7.7,8.4,5.4,,
Sao Tome and Principe,STP,Access to electricity (% of population),EG.ELC.ACCS.ZS,,,,,,,,,,,,,,,,,,,,,,,,,,,,,,,,,,,,,,,,,52.9,51.5,52.5,53.6,54.7,55.8,56.9,58.0,59.1,56.9,61.4,62.6,57.9,65.0,68.6,67.3,69.4,74.3,71.0,75.1,76.8,78.5,78.0,81.3,,
Suriname,SUR,Access to electricity (% of population),EG.ELC.ACCS.ZS,,,,,,,,,,,,,,,,,,,,,,,,,,,,,,,,,,,,,,,,99.62406,95.4,95.3,95.2,95.1,95.0,94.9,91.0,94.7,94.7,94.6,91.2,94.6,94.6,94.6,94.6,95.0,95.8,96.6,97.4,97.9,98.4,98.8,99.0,99.6,,
Slovak Republic,SVK,Access to electricity (% of population),EG.ELC.ACCS.ZS,,,,,,,,,,,,,,,,,,,,,,,,,,,,,,,100.0,100.0,100.0,100.0,100.0,100.0,100.0,100.0,100.0,100.0,100.0,100.0,100.0,100.0,100.0,99.9,99.9,100.0,100.0,100.0,100.0,100.0,100.0,100.0,100.0,100.0,100.0,100.0,100.0,100.0,100.0,100.0,100.0,100.0,,
Slovenia,SVN,Access to electricity (% of population),EG.ELC.ACCS.ZS,,,,,,,,,,,,,,,,,,,,,,,,,,,,,,,100.0,100.0,100.0,100.0,100.0,100.0,100.0,100.0,100.0,100.0,100.0,100.0,100.0,100.0,100.0,100.0,100.0,100.0,100.0,100.0,100.0,100.0,100.0,100.0,100.0,100.0,100.0,100.0,100.0,100.0,100.0,100.0,100.0,100.0,,
Sweden,SWE,Access to electricity (% of population),EG.ELC.ACCS.ZS,,,,,,,,,,,,,,,,,,,,,,,,,,,,,,,100.0,100.0,100.0,100.0,100.0,100.0,100.0,100.0,100.0,100.0,100.0,100.0,100.0,100.0,100.0,100.0,100.0,100.0,100.0,100.0,100.0,100.0,100.0,100.0,100.0,100.0,100.0,100.0,100.0,100.0,100.0,100.0,100.0,100.0,,
Eswatini,SWZ,Access to electricity (% of population),EG.ELC.ACCS.ZS,,,,,,,,,,,,,,,,,,,,,,,,,,,,,,,,,,,,,,,,,20.4,26.9,25.9,28.7,31.4,34.2,35.2,39.8,42.6,38.6,45.6,51.2,54.3,57.5,65.0,64.1,63.4,73.5,74.0,77.0,80.0,82.9,82.3,86.4,,
Sint Maarten (Dutch part),SXM,Access to electricity (% of population),EG.ELC.ACCS.ZS,,,,,,,,,,,,,,,,,,,,,,,,,,,,,,,100.0,100.0,100.0,100.0,100.0,100.0,100.0,100.0,100.0,100.0,100.0,99.9,99.9,99.8,99.8,99.7,99.7,99.7,99.7,99.7,100.0,100.0,100.0,100.0,100.0,100.0,100.0,100.0,100.0,100.0,100.0,100.0,100.0,100.0,,
Seychelles,SYC,Access to electricity (% of population),EG.ELC.ACCS.ZS,,,,,,,,,,,,,,,,,,,,,,,,,,,,,,,,,,,90.0,92.1736526489258,92.552490234375,92.0,93.2992935180664,93.6658096313477,94.1,94.4,96.1,94.9,95.2,95.5,99.0,96.1,96.5,96.8,97.0,98.1,98.3,98.0,100.0,100.0,100.0,100.0,100.0,100.0,100.0,100.0,100.0,100.0,,
Syrian Arab Republic,SYR,Access to electricity (% of population),EG.ELC.ACCS.ZS,,,,,,,,,,,,,,,,,,,,,,,,,,,,,,,,,,,,,,,,,93.4,93.1,86.6,92.6,92.3,92.0,99.5,91.5,91.3,91.1,92.7,91.5,90.7,90.4,90.2,90.0,89.8,89.6,86.0,89.2,89.0,88.8,89.0,88.4,,
Turks and Caicos Islands,TCA,Access to electricity (% of population),EG.ELC.ACCS.ZS,,,,,,,,,,,,,,,,,,,,,,,,,,,,,,,88.7,91.0539093017578,91.4391174316406,91.8236465454102,92.2068176269531,92.5879440307617,92.9663467407227,93.3413619995117,93.712287902832,94.0783767700195,95.6,94.9,95.2,95.4,95.7,96.0,96.2,96.6,96.9,100.0,100.0,100.0,93.1,100.0,100.0,100.0,100.0,100.0,100.0,100.0,99.4,100.0,99.9,100.0,,
Chad,TCD,Access to electricity (% of population),EG.ELC.ACCS.ZS,,,,,,,,,,,,,,,,,,,,,,,,,,,,,,,,,,,,,,2.3,2.42038726806641,2.80621337890625,3.1,3.4,3.8,4.1,3.5,4.8,5.1,5.5,5.9,6.3,6.4,9.0,7.8,8.1,8.4,7.7,9.2,10.9,10.1,8.4,10.9,11.3,11.7,12.0,,
Togo,TGO,Access to electricity (% of population),EG.ELC.ACCS.ZS,,,,,,,,,,,,,,,,,,,,,,,,,,,,,,,,,,,,,,,15.3,16.0729999542236,17.0,19.6,21.3,23.0,24.8,26.5,27.9,30.0,31.8,33.7,30.8,39.7,39.1,41.0,45.7,44.7,46.8,48.0,50.0,52.5,54.1,55.7,57.2,59.2,,
Thailand,THA,Access to electricity (% of population),EG.ELC.ACCS.ZS,,,,,,,,,,,,,,,,,,,,,,,,,,,,,,,,,,,,,,,,,82.1,90.4,91.0,91.6,92.2,92.8,99.1,94.1,94.8,99.0,99.7,99.3,99.1,99.4,99.5,99.6,99.9,99.9,99.8,99.9,100.0,100.0,99.9,100.0,,
Tajikistan,TJK,Access to electricity (% of population),EG.ELC.ACCS.ZS,,,,,,,,,,,,,,,,,,,,,,,,,,,,,,,,,,,,,,,,97.0,98.5,98.6,99.0,100.0,98.5,99.3,98.6,98.6,98.6,99.0,98.8,98.9,99.1,99.0,99.1,98.0,99.3,99.3,99.3,99.4,99.5,99.6,100.0,100.0,,
Turkmenistan,TKM,Access to electricity (% of population),EG.ELC.ACCS.ZS,,,,,,,,,,,,,,,,,,,,,,,,,,,,,,,,,,,,,,,,,99.6,99.6,99.6,99.6,99.5,99.5,99.8,99.6,99.6,99.7,100.0,99.8,99.9,99.9,100.0,100.0,100.0,100.0,100.0,99.9,100.0,100.0,100.0,100.0,,
Timor-Leste,TLS,Access to electricity (% of population),EG.ELC.ACCS.ZS,,,,,,,,,,,,,,,,,,,,,,,,,,,,,,,,,,,,,,,,,17.8,25.6,24.1,27.7,30.4,33.5,36.7,36.6,43.1,46.3,38.0,52.7,56.0,59.2,62.4,67.3,76.5,79.5,85.2,90.6,96.0,100.0,99.7,100.0,,
Tonga,TON,Access to electricity (% of population),EG.ELC.ACCS.ZS,,,,,,,,,,,,,,,,,,,,,,,,,,,,,,,,,,,80.0,81.7884750366211,82.5543670654297,83.3168563842773,84.0752716064453,84.8288421630859,85.6,86.3,87.0,87.6,88.3,89.0,92.3,90.5,91.2,92.0,92.8,92.2,92.8,95.1,95.9,100.0,97.0,98.2,99.0,98.4,99.9,100.0,100.0,100.0,,
Trinidad and Tobago,TTO,Access to electricity (% of population),EG.ELC.ACCS.ZS,,,,,,,,,,,,,,,,,,,,,,,,,,,,,,,,,,,,,,,,,91.3,96.3,96.5,96.7,96.8,95.0,100.0,100.0,100.0,99.0,100.0,97.5,100.0,100.0,100.0,100.0,100.0,100.0,100.0,100.0,100.0,100.0,100.0,98.7,,
Tunisia,TUN,Access to electricity (% of population),EG.ELC.ACCS.ZS,,,,,,,,,,,,,,,,,,,,,,,,,,,,,,,,,,,86.8,88.7,90.4,92.0,93.2,94.2,94.8,97.3,97.8,98.4,99.0,99.2,99.4,99.4,99.4,99.5,99.5,99.5,99.5,99.7,99.8,99.9,100.0,100.0,99.8,100.0,99.9,99.9,100.0,100.0,,
Turkiye,TUR,Access to electricity (% of population),EG.ELC.ACCS.ZS,,,,,,,,,,,,,,,,,,,,,,,,,,,,,,,,,,,,,,,,,99.9,99.9,99.8,99.8,99.7,99.7,99.7,99.7,99.7,99.7,100.0,100.0,100.0,100.0,100.0,100.0,100.0,100.0,100.0,100.0,100.0,100.0,100.0,100.0,,
Tuvalu,TUV,Access to electricity (% of population),EG.ELC.ACCS.ZS,,,,,,,,,,,,,,,,,,,,,,,,,,,,,,,,,,,,,,,,,94.6,94.8,94.6,95.1,95.3,95.5,95.7,96.7,96.2,96.5,96.7,97.0,97.7,97.6,97.9,98.1,97.3,98.7,99.0,99.7,99.4,99.7,100.0,100.0,,
Tanzania,TZA,Access to electricity (% of population),EG.ELC.ACCS.ZS,,,,,,,,,,,,,,,,,,,,,,,,,,,,,,,,,6.8,2.33018779754639,3.30064725875854,4.26906728744507,9.4,6.1970682144165,7.15528964996338,8.0,8.7,9.7,10.7,11.1,11.4,13.8,14.9,15.9,11.5,11.2,14.8,14.2,15.3,16.4,23.5,26.2,32.8,32.1,34.9,37.7,39.9,42.7,45.8,48.3,,
Uganda,UGA,Access to electricity (% of population),EG.ELC.ACCS.ZS,,,,,,,,,,,,,,,,,,,,,,,,,,,,,,,,5.6,,,0.533898532390594,6.8,2.81110429763794,3.94494771957397,5.07471179962158,6.19963407516479,7.4,8.6,7.8,10.5,11.6,8.9,9.0,14.8,15.9,10.0,12.1,14.6,20.5,13.9,20.4,18.5,26.7,32.4,41.9,41.3,42.1,45.2,47.1,51.5,,
Ukraine,UKR,Access to electricity (% of population),EG.ELC.ACCS.ZS,,,,,,,,,,,,,,,,,,,,,,,,,,,,,,,100.0,100.0,100.0,100.0,100.0,100.0,100.0,100.0,100.0,100.0,99.1,99.2,99.3,99.3,99.4,99.9,99.5,99.8,99.8,99.9,100.0,100.0,99.9,100.0,100.0,100.0,100.0,100.0,100.0,100.0,100.0,100.0,100.0,100.0,,
Uruguay,URY,Access to electricity (% of population),EG.ELC.ACCS.ZS,,,,,,,,,,,,,,,,,,,,,,,,,,,,,,,,,96.1823120117188,96.3630599975586,96.5424499511719,96.7197952270508,95.9,97.0656509399414,97.2328033447266,97.3951110839844,97.6,97.7,97.8,97.9,98.0,98.0,98.5,98.7,98.8,99.1,99.3,99.2,99.6,99.6,99.7,99.7,99.7,99.8,99.8,99.9,100.0,100.0,100.0,100.0,,
United States,USA,Access to electricity (% of population),EG.ELC.ACCS.ZS,,,,,,,,,,,,,,,,,,,,,,,,,,,,,,,100.0,100.0,100.0,100.0,100.0,100.0,100.0,100.0,100.0,100.0,100.0,100.0,100.0,100.0,100.0,100.0,100.0,100.0,100.0,100.0,100.0,100.0,100.0,100.0,100.0,100.0,100.0,100.0,100.0,100.0,100.0,100.0,100.0,100.0,,
Uzbekistan,UZB,Access to electricity (% of population),EG.ELC.ACCS.ZS,,,,,,,,,,,,,,,,,,,,,,,,,,,,,,,,,,,,,99.6,99.3797454833984,99.449348449707,99.5141143798828,99.6,99.6,99.7,99.5,99.5,99.4,99.5,99.5,99.5,99.5,99.6,99.7,99.7,99.8,99.8,99.9,99.9,100.0,100.0,100.0,100.0,99.9,100.0,100.0,,
St. Vincent and the Grenadines,VCT,Access to electricity (% of population),EG.ELC.ACCS.ZS,,,,,,,,,,,,,,,,,,,,,,,,,,,,,,,,66.8,69.1144332885742,70.46484375,71.8138961791992,73.1609039306641,74.5052032470703,75.8460922241211,77.1829071044922,78.5148773193359,80.0,82.4,82.4,83.7,84.9,86.2,87.5,88.8,90.1,91.4,92.7,94.1,95.4,96.8,98.1,99.4,99.7,100.0,100.0,100.0,100.0,100.0,100.0,100.0,,
"Venezuela, RB",VEN,Access to electricity (% of population),EG.ELC.ACCS.ZS,,,,,,,,,,,,,,,,,,,,,,,,,,,,,,,,,97.820203,98.2395324707031,98.3233337402344,99.0,98.484130859375,98.7,98.4,98.9,98.9,99.9,99.8,95.7,99.1,98.8,99.3,98.9,98.9,99.0,99.1,98.8,99.3,99.4,100.0,100.0,99.4,99.2,99.9,99.8,99.9,100.0,100.0,100.0,,
British Virgin Islands,VGB,Access to electricity (% of population),EG.ELC.ACCS.ZS,,,,,,,,,,,,,,,,,,,,,,,,,,,,,,,94.606559753418,94.8247375488281,95.0428009033203,95.2601928710938,95.4762191772461,95.6902008056641,95.9014739990234,96.1093368530273,96.3131256103516,96.512077331543,97.1,97.2,97.3,97.4,97.5,97.6,97.8,97.9,98.1,98.3,98.3,98.7,98.9,99.1,99.2,100.0,100.0,100.0,100.0,100.0,100.0,100.0,100.0,100.0,,
Virgin Islands (U.S.),VIR,Access to electricity (% of population),EG.ELC.ACCS.ZS,,,,,,,,,,,,,,,,,,,,,,,,,,,,,,,100.0,100.0,100.0,100.0,100.0,100.0,100.0,100.0,100.0,100.0,100.0,100.0,100.0,100.0,100.0,100.0,100.0,100.0,100.0,100.0,100.0,100.0,100.0,100.0,100.0,100.0,100.0,100.0,100.0,100.0,100.0,100.0,100.0,100.0,,
Viet Nam,VNM,Access to electricity (% of population),EG.ELC.ACCS.ZS,,,,,,,,,,,,,,,,,,,,,,,,,,,,,,,,,,,,,,78.4,86.1759872436523,86.9944381713867,88.2,88.9,89.1,90.3,91.0,96.1,96.0,93.1,93.8,96.1,97.4,99.0,97.9,98.5,99.2,99.3,99.2,100.0,100.0,99.4,99.8,100.0,100.0,99.8,,
Vanuatu,VUT,Access to electricity (% of population),EG.ELC.ACCS.ZS,,,,,,,,,,,,,,,,,,,,,,,,,,,,,,,,,,,18.0,12.9416437149048,14.7923612594604,16.6396789550781,18.4829177856445,19.1,22.2,24.0,25.7,27.5,29.2,31.0,26.4,33.6,36.5,33.3,44.1,42.0,43.9,31.7,49.1,52.3,57.8,62.8,61.6,64.5,67.3,70.0,71.6,61.6,,
Samoa,WSM,Access to electricity (% of population),EG.ELC.ACCS.ZS,,,,,,,,,,,,,,,,,,,,,,,,,,,,,,,,78.8,81.6401672363281,82.4245910644531,80.0,83.9886932373047,84.7669982910156,85.5419082641602,86.312744140625,87.078727722168,88.0,88.7,89.3,89.9,90.5,91.1,96.4,92.5,98.1,97.9,96.4,96.7,96.8,97.0,97.9,98.2,98.9,96.8,99.8,99.2,100.0,98.3,98.3,100.0,,
Kosovo,XKX,Access to electricity (% of population),EG.ELC.ACCS.ZS,,,,,,,,,,,,,,,,,,,,,,,,,,,,,,,100.0,100.0,100.0,100.0,100.0,100.0,100.0,100.0,100.0,100.0,,,,,,,,,,,,,,,,,,,,,,,,,,
"Yemen, Rep.",YEM,Access to electricity (% of population),EG.ELC.ACCS.ZS,,,,,,,,,,,,,,,,,,,,,,,,,,,,,,,,,44.1,40.774715423584,41.9851341247559,43.1935119628906,44.399169921875,42.6,46.7996101379395,47.9929466247559,49.2,50.4,51.5,52.6,49.6,54.8,55.8,57.2,58.4,59.6,60.8,62.0,52.4,75.6,66.1,67.4,68.9,79.2,62.0,72.8,73.9,74.9,76.0,83.6,,
South Africa,ZAF,Access to electricity (% of population),EG.ELC.ACCS.ZS,,,,,,,,,,,,,,,,,,,,,,,,,,,,,,,,,,,,,57.6,69.4833526611328,64.9,71.331787109375,72.4,70.2,76.7,78.8,80.6,80.8,80.7,82.0,81.9,82.6,82.8,83.6,85.2,85.2,85.9,85.3,83.9,84.4,84.7,85.0,90.0,89.3,86.5,87.7,,
Zambia,ZMB,Access to electricity (% of population),EG.ELC.ACCS.ZS,,,,,,,,,,,,,,,,,,,,,,,,,,,,,,,13.9,12.7527027130127,19.2,14.213207244873,14.9417591094971,15.6682720184326,17.3,17.1124591827393,19.0,18.5402450561523,16.7,20.2,17.4,18.5,20.3,23.3,24.1,18.5,25.7,26.6,22.0,28.3,29.2,30.1,27.9,31.1,35.4,40.3,40.2,43.0,44.6,46.7,47.8,51.1,,
Zimbabwe,ZWE,Access to electricity (% of population),EG.ELC.ACCS.ZS,,,,,,,,,,,,,,,,,,,,,,,,,,,,,,,,,28.2,31.163667678833,28.1,31.948579788208,32.3372955322266,32.7226104736328,33.1038475036621,38.4,33.7,34.2,34.2,35.1,35.6,36.1,37.2,37.2,37.7,43.4,38.9,36.9,44.0,40.6,32.3,33.7,42.5,44.0,45.4,46.7,52.7,49.0,50.1,62.0,,
